slug,status,metrics_source,n_presencias,n_background,n_predictores,threshold_maxTSS,tss_at_maxTSS,threshold_p10,ens_auc_roc,ens_auc_pr,ens_tss,ens_f1,ens_brier_score,ens_calib_slope,ens_calib_intercept,ens_boyce_index,ens_or10,tss_ensemble_mean,tss_ensemble_std,auc_ensemble_mean,auc_ensemble_std,mess_mess_mean,mess_mess_min,mess_mess_pct_extrapolation,mess_n_mess_points,algo_sd_mean,algo_sd_median,binary_agreement_mean,binary_agreement_unanimous_pct,glm_tss,glm_auc_roc,gam_tss,gam_auc_roc,rf_tss,rf_auc_roc,gbm_tss,gbm_auc_roc,maxent_tss,maxent_auc_roc,glm_auc_pr,glm_f1,gam_auc_pr,gam_f1,rf_auc_pr,rf_f1,gbm_auc_pr,gbm_f1,maxent_auc_pr,maxent_f1,tss_glm_mean,tss_glm_std,auc_glm_mean,auc_glm_std,tss_gam_mean,tss_gam_std,auc_gam_mean,auc_gam_std,tss_rf_mean,tss_rf_std,auc_rf_mean,auc_rf_std,tss_gbm_mean,tss_gbm_std,auc_gbm_mean,auc_gbm_std,tss_maxent_mean,tss_maxent_std,auc_maxent_mean,auc_maxent_std,mess_mess_max,binary_agreement_max_possible
eulychnia_acida,ok,spatial_cv_oof,150,9539,7,0.6015942441432421,0.7326316525142398,0.834360670543192,0.965513855400636,0.7052401570800692,0.7326316525142398,0.21178479931682323,0.06551255590508083,0.6706279523278961,-0.18466095908487712,0.7714285714285714,0.2733333333333333,0.528504119744667,0.42058101560601246,0.8702305222309199,0.20405161573772015,-107.14742201184023,-694.9895430555216,47.97192692744349,9689,0.18279780256656844,0.10449315817995583,0.7732480132108577,1.517184435958303,0.7125715483803332,0.8988740958171717,0.8124576300800224,0.8803193905720376,0.7758353426285076,0.9521329978684,0.7260397665723171,0.904978159835063,0.95695635461439,0.9887182444001817,0.09607782910710948,0.10323033707865169,0.05764893262339733,0.16421291053227632,0.7330738350405293,0.1773142112125163,0.5112941589886235,0.13539074166251866,0.39071014517709274,0.4613003095975232,0.4703595861934732,0.39643622547415786,0.640024533834825,0.3338452501245033,0.5164721395879427,0.42716858013132003,0.7021561807393477,0.33921211689377545,0.5108078732284269,0.42076064994626394,0.893042088441004,0.19395285043912516,0.565112731571635,0.33523497618600423,0.8757817200256209,0.18832816974981323,0.4141885308380454,0.43358910613209994,0.8221652224642859,0.22787757284126456,44.0,5.0
