slug,status,metrics_source,n_presencias,n_background,n_predictores,threshold_maxTSS,tss_at_maxTSS,threshold_p10,ens_auc_roc,ens_auc_pr,ens_tss,ens_f1,ens_brier_score,ens_calib_slope,ens_calib_intercept,ens_boyce_index,ens_or10,tss_ensemble_mean,tss_ensemble_std,auc_ensemble_mean,auc_ensemble_std,mess_mess_mean,mess_mess_min,mess_mess_pct_extrapolation,mess_n_mess_points,algo_sd_mean,algo_sd_median,binary_agreement_mean,binary_agreement_unanimous_pct,glm_tss,glm_auc_roc,gam_tss,gam_auc_roc,rf_tss,rf_auc_roc,gbm_tss,gbm_auc_roc,maxent_tss,maxent_auc_roc,glm_auc_pr,glm_f1,gam_auc_pr,gam_f1,rf_auc_pr,rf_f1,gbm_auc_pr,gbm_f1,maxent_auc_pr,maxent_f1,tss_glm_mean,tss_glm_std,auc_glm_mean,auc_glm_std,tss_gam_mean,tss_gam_std,auc_gam_mean,auc_gam_std,tss_rf_mean,tss_rf_std,auc_rf_mean,auc_rf_std,tss_gbm_mean,tss_gbm_std,auc_gbm_mean,auc_gbm_std,tss_maxent_mean,tss_maxent_std,auc_maxent_mean,auc_maxent_std,mess_mess_max,binary_agreement_max_possible
krameria_cistoidea,ok,spatial_cv_oof,234,18756,7,0.4462316216471188,0.40493708679889107,0.5419776320577498,0.9096455516001262,0.10064068698712522,0.40493708679889107,0.1927710843373494,0.037301987916374735,0.2177813925917702,-0.01833985557180952,0.8852941176470588,0.7435897435897436,0.099743810228104,0.12576661666725641,0.7081225739508549,0.06640162582148561,-6.761589184779095,-76.73372667836645,47.103738809899944,18990,0.17921088883596592,0.1388300008029657,0.5182727751448131,0.0,0.6950022146759192,0.9016360348733989,0.7553644372262416,0.9224984187396216,0.5502485358531424,0.7165391405234656,0.30329166461604085,0.609617685873284,0.7334842593959676,0.9126971107137454,0.07149249323020981,0.0976399814900509,0.08851565889903777,0.10402219140083217,0.08763559823509869,0.16572077185017026,0.04672553857200061,0.0736688548504741,0.08026065141023346,0.10783824263604593,0.3494289054444437,0.19096057798315186,0.65620175143351,0.06920909532612837,0.0,0.0,0.7488458770400592,0.10532723209366654,0.1014747801020596,0.1182144772121418,0.7155042769468016,0.08831953694251189,0.019032246342249138,0.021379795284209645,0.6152594179492639,0.10722738551050552,0.11057428077429814,0.1833241857165658,0.725157779639798,0.11100098381212921,22.22222222222222,5.0
