slug,status,metrics_source,n_presencias,n_background,n_predictores,threshold_maxTSS,tss_at_maxTSS,threshold_p10,ens_auc_roc,ens_auc_pr,ens_tss,ens_f1,ens_brier_score,ens_calib_slope,ens_calib_intercept,ens_boyce_index,ens_or10,tss_ensemble_mean,tss_ensemble_std,auc_ensemble_mean,auc_ensemble_std,mess_mess_mean,mess_mess_min,mess_mess_pct_extrapolation,mess_n_mess_points,algo_sd_mean,algo_sd_median,binary_agreement_mean,binary_agreement_unanimous_pct,glm_tss,glm_auc_roc,gam_tss,gam_auc_roc,rf_tss,rf_auc_roc,gbm_tss,gbm_auc_roc,maxent_tss,maxent_auc_roc,glm_auc_pr,glm_f1,gam_auc_pr,gam_f1,rf_auc_pr,rf_f1,gbm_auc_pr,gbm_f1,maxent_auc_pr,maxent_f1,tss_glm_mean,tss_glm_std,auc_glm_mean,auc_glm_std,tss_gam_mean,tss_gam_std,auc_gam_mean,auc_gam_std,tss_rf_mean,tss_rf_std,auc_rf_mean,auc_rf_std,tss_gbm_mean,tss_gbm_std,auc_gbm_mean,auc_gbm_std,tss_maxent_mean,tss_maxent_std,auc_maxent_mean,auc_maxent_std,mess_mess_max,binary_agreement_max_possible
schinus_areira,ok,spatial_cv_oof,1309,9435,8,0.38424074454082796,0.08912243029890088,0.5887234069382492,0.8428166988720621,0.34002377359858343,0.08912243029890088,0.1805094130675526,0.09475599240934754,-0.1284854814722804,0.31839175839646294,-0.2820609451067755,0.9732620320855615,0.2158182880095459,0.22595834052750696,0.828306129612477,0.1868624898277393,-2.9687963784400773,-91.13175526010984,19.015264333581534,10744,0.11464213632222314,0.07164625901886842,0.4848287416232316,1.172747580044676,0.5806068864892393,0.7986370498481226,0.627525309878251,0.8386880116983924,0.5743989979284096,0.8361487852837334,0.4352899882311647,0.7852951095165629,0.6718972601325544,0.8668188882721755,0.2683200120572271,0.450274557657108,0.29930737190538514,0.46954773869346733,0.3221448624874566,0.4089783792705067,0.2861571472761184,0.35713097021134965,0.3821485740726304,0.5364222593742537,0.5384420487683714,0.3449550362893791,0.7834336802811052,0.20684128004315286,0.2530962636077139,0.24581057566621636,0.8303864888419016,0.15655668246070012,0.2415408957110531,0.24033943929063328,0.8253724508943145,0.1427766140022046,0.19893850204436409,0.23541915880766331,0.8635639932146416,0.10710606249271594,0.20006928161802887,0.19086814434720387,0.840458470935746,0.15650945882123188,54.85103132161956,5.0
