slug,status,metrics_source,n_presencias,n_background,n_predictores,threshold_maxTSS,tss_at_maxTSS,threshold_p10,ens_auc_roc,ens_auc_pr,ens_tss,ens_f1,ens_brier_score,ens_calib_slope,ens_calib_intercept,ens_boyce_index,ens_or10,tss_ensemble_mean,tss_ensemble_std,auc_ensemble_mean,auc_ensemble_std,mess_mess_mean,mess_mess_min,mess_mess_pct_extrapolation,mess_n_mess_points,algo_sd_mean,algo_sd_median,binary_agreement_mean,binary_agreement_unanimous_pct,glm_tss,glm_auc_roc,gam_tss,gam_auc_roc,rf_tss,rf_auc_roc,gbm_tss,gbm_auc_roc,maxent_tss,maxent_auc_roc,glm_auc_pr,glm_f1,gam_auc_pr,gam_f1,rf_auc_pr,rf_f1,gbm_auc_pr,gbm_f1,maxent_auc_pr,maxent_f1,tss_glm_mean,tss_glm_std,auc_glm_mean,auc_glm_std,tss_gam_mean,tss_gam_std,auc_gam_mean,auc_gam_std,tss_rf_mean,tss_rf_std,auc_rf_mean,auc_rf_std,tss_gbm_mean,tss_gbm_std,auc_gbm_mean,auc_gbm_std,tss_maxent_mean,tss_maxent_std,auc_maxent_mean,auc_maxent_std,mess_mess_max,binary_agreement_max_possible
cumulopuntia_sphaerica,ok,spatial_cv_oof,111,18757,8,0.37292446575091664,0.20277642893199754,0.4776528023696762,0.750464331154207,0.01867742274601874,0.39307271231352914,0.03655352480417755,0.028867644706613134,0.024864986410157126,0.005868381734687773,0.1458048146883933,0.9459459459459459,0.10737833917613218,0.09032606751626555,0.6755543046553178,0.22191937563454384,8.354624505460077,-2.3636846405633984,1.8390926436294257,18868,0.13667522921880873,0.04286075082110332,0.5015369938520245,0.0,0.5644292797355654,0.7689537647686606,0.5877282090962317,0.8159915793599218,0.36844767142789214,0.6129694763804696,0.38240810517827084,0.7226138277745677,0.4320654823400465,0.760284088534875,0.012442445784752915,0.026453765490943755,0.01703388092424986,0.028259473346178548,0.019044287755939675,0.03946002076843198,0.024720643702054703,0.03260596940055179,0.017467607444359354,0.022836962919364334,0.12068838155603942,0.31149788160990394,0.6085009007413003,0.2565897400580884,-0.0031871065578614965,0.005621132458123788,0.7056984016981344,0.17618726147027317,0.15735189867181468,0.1758888274670818,0.6964209177657144,0.11969875513697208,0.029480269030840445,0.07546764590511605,0.6709268421903865,0.0945962299333293,0.19174120886122592,0.28161175193039223,0.6274055509252454,0.18973007631910935,46.846846846846844,5.0
