slug,status,metrics_source,n_presencias,n_background,n_predictores,threshold_maxTSS,tss_at_maxTSS,threshold_p10,ens_auc_roc,ens_auc_pr,ens_tss,ens_f1,ens_brier_score,ens_calib_slope,ens_calib_intercept,ens_boyce_index,ens_or10,tss_ensemble_mean,tss_ensemble_std,auc_ensemble_mean,auc_ensemble_std,mess_mess_mean,mess_mess_min,mess_mess_pct_extrapolation,mess_n_mess_points,algo_sd_mean,algo_sd_median,binary_agreement_mean,binary_agreement_unanimous_pct,glm_tss,glm_auc_roc,gam_tss,gam_auc_roc,rf_tss,rf_auc_roc,gbm_tss,gbm_auc_roc,maxent_tss,maxent_auc_roc,glm_auc_pr,glm_f1,gam_auc_pr,gam_f1,rf_auc_pr,rf_f1,gbm_auc_pr,gbm_f1,maxent_auc_pr,maxent_f1,tss_glm_mean,tss_glm_std,auc_glm_mean,auc_glm_std,tss_gam_mean,tss_gam_std,auc_gam_mean,auc_gam_std,tss_rf_mean,tss_rf_std,auc_rf_mean,auc_rf_std,tss_gbm_mean,tss_gbm_std,auc_gbm_mean,auc_gbm_std,tss_maxent_mean,tss_maxent_std,auc_maxent_mean,auc_maxent_std,mess_mess_max,binary_agreement_max_possible
senna_cumingii,ok,spatial_cv_oof,92,9423,7,0.3397878133726142,0.7543152969837907,0.775558075150673,0.9533322721001805,0.6259280349370258,0.7791446922193153,0.09954233409610984,0.04077174931780709,0.6013922466833292,-0.1681907023441998,0.7394151579937858,0.34782608695652173,0.5916561894491351,0.24520187481902783,0.896465458348267,0.05969067073957243,-50.130715494084235,-382.42171255080495,46.83131897004729,9515,0.1288319657672479,0.058706777885198014,0.6949027850761955,1.8812401471361009,0.8207934794143839,0.9451723119656346,0.8107567515191783,0.9547868536282638,0.6714202990831868,0.9062902288110959,0.6840039865454093,0.9170957739850227,0.8310551425974375,0.9312597760336642,0.4578990905629437,0.22040816326530613,0.2764180091465295,0.1757770632368703,0.5693018760303802,0.09855453350854139,0.5474451931820352,0.11384615384615385,0.06418764574265812,0.16159695817490494,0.4978901936591512,0.36390701885970667,0.822947245586847,0.12395834114565114,0.48827570265903725,0.35361305734439685,0.8745822855451593,0.09588724167121267,0.5455015846675281,0.32647179518183794,0.9010356712481965,0.0782606524227244,0.5335310786924452,0.36479402843475667,0.8966301730846433,0.06687327814041455,0.5111832680151153,0.3347521545556097,0.9260651306457351,0.02719230146747645,34.78260869565217,5.0
