slug,status,metrics_source,n_presencias,n_background,n_predictores,threshold_maxTSS,tss_at_maxTSS,threshold_p10,ens_auc_roc,ens_auc_pr,ens_tss,ens_f1,ens_brier_score,ens_calib_slope,ens_calib_intercept,ens_boyce_index,ens_or10,tss_ensemble_mean,tss_ensemble_std,auc_ensemble_mean,auc_ensemble_std,mess_mess_mean,mess_mess_min,mess_mess_pct_extrapolation,mess_n_mess_points,algo_sd_mean,algo_sd_median,binary_agreement_mean,binary_agreement_unanimous_pct,glm_tss,glm_auc_roc,gam_tss,gam_auc_roc,rf_tss,rf_auc_roc,gbm_tss,gbm_auc_roc,maxent_tss,maxent_auc_roc,glm_auc_pr,glm_f1,gam_auc_pr,gam_f1,rf_auc_pr,rf_f1,gbm_auc_pr,gbm_f1,maxent_auc_pr,maxent_f1,tss_glm_mean,tss_glm_std,auc_glm_mean,auc_glm_std,tss_gam_mean,tss_gam_std,auc_gam_mean,auc_gam_std,tss_rf_mean,tss_rf_std,auc_rf_mean,auc_rf_std,tss_gbm_mean,tss_gbm_std,auc_gbm_mean,auc_gbm_std,tss_maxent_mean,tss_maxent_std,auc_maxent_mean,auc_maxent_std,mess_mess_max,binary_agreement_max_possible
encelia_canescens,ok,spatial_cv_oof,271,19323,8,0.33251152273334056,0.8468971741417461,0.6010855406292905,,,0.8468971741417461,0.8582089552238806,,,,0.8484393228811805,0.3025830258302583,0.7162536159718608,0.34214632829275027,0.9980016750861169,0.0023328750766390197,-84.27917357639508,-278.5831461915623,70.04184954577933,19594,0.005305809252591869,1.5254435435802185e-05,0.06415229151781157,0.9849954067571707,0.9744911375522698,,0.9594878901746633,,0.9841687238483936,,0.9624581760489239,,0.9539865403311696,,,0.6552567237163814,,0.5948372615039281,,0.849445324881141,,0.7634252539912917,,0.5708108108108109,0.7657339286102578,0.14412639572237823,0.9953789731070668,0.002158865634587182,0.6942413392912954,0.28888506391718916,0.9967874120908546,0.0025342671688895284,0.636770504010243,0.29769058102714874,0.997971779664658,0.0022180255316354793,0.7470513589987291,0.3111847526478818,0.9819403458131493,0.023676761220417546,0.5676065524226219,0.33453081203244917,0.9936424404711764,0.005613867334978462,33.94833948339483,5.0
