slug,status,metrics_source,n_presencias,n_background,n_predictores,threshold_maxTSS,tss_at_maxTSS,threshold_p10,ens_auc_roc,ens_auc_pr,ens_tss,ens_f1,ens_brier_score,ens_calib_slope,ens_calib_intercept,ens_boyce_index,ens_or10,tss_ensemble_mean,tss_ensemble_std,auc_ensemble_mean,auc_ensemble_std,mess_mess_mean,mess_mess_min,mess_mess_pct_extrapolation,mess_n_mess_points,algo_sd_mean,algo_sd_median,binary_agreement_mean,binary_agreement_unanimous_pct,glm_tss,glm_auc_roc,gam_tss,gam_auc_roc,rf_tss,rf_auc_roc,gbm_tss,gbm_auc_roc,maxent_tss,maxent_auc_roc,glm_auc_pr,glm_f1,gam_auc_pr,gam_f1,rf_auc_pr,rf_f1,gbm_auc_pr,gbm_f1,maxent_auc_pr,maxent_f1,tss_glm_mean,tss_glm_std,auc_glm_mean,auc_glm_std,tss_gam_mean,tss_gam_std,auc_gam_mean,auc_gam_std,tss_rf_mean,tss_rf_std,auc_rf_mean,auc_rf_std,tss_gbm_mean,tss_gbm_std,auc_gbm_mean,auc_gbm_std,tss_maxent_mean,tss_maxent_std,auc_maxent_mean,auc_maxent_std,mess_mess_max,binary_agreement_max_possible
atriplex_semibaccata,ok,spatial_cv_oof,1054,19285,8,0.33794934446515346,0.7607844777159152,0.5120027789879938,0.9873912681986324,0.788108858598769,0.7607844777159152,0.7789473684210526,0.020074645939243064,0.9143273778868747,0.14821255805881617,0.7889425945983554,0.523719165085389,0.7096179224382266,0.10728923846820827,0.9823136325468189,0.009876871315267275,-146.48584842154733,-503.9835040223552,71.84719012734156,20339,0.032453625121501205,0.0016983370808065575,0.2321648065293279,1.1259157284035597,0.7809068408113786,0.9333144744344667,0.9065026303244208,0.9856915074442633,0.9094023582151085,0.9887761919357052,0.9074740276064761,0.9897219575143447,0.8665111217486234,0.976893486743096,0.33213193341335767,0.4262222222222222,0.7261608884657437,0.6267281105990783,0.7961166234427639,0.6612271540469974,0.8374276467559564,0.6673280423280423,0.6438684506622325,0.551781275890638,0.2448462074221144,0.1564583827374857,0.9218606507272021,0.031862342020957495,0.6773306145571775,0.12170919138117935,0.984241057786447,0.006387786033800534,0.6376809993362393,0.09420724047152683,0.9861921102920006,0.006041809025361243,0.7650626768283777,0.12673524206725328,0.987560247638817,0.004851074435854069,0.5226258645569347,0.177365527670793,0.9768219510518715,0.005098212376469482,51.61290322580645,5.0
