slug,status,metrics_source,n_presencias,n_background,n_predictores,threshold_maxTSS,tss_at_maxTSS,threshold_p10,ens_auc_roc,ens_auc_pr,ens_tss,ens_f1,ens_brier_score,ens_calib_slope,ens_calib_intercept,ens_boyce_index,ens_or10,tss_ensemble_mean,tss_ensemble_std,auc_ensemble_mean,auc_ensemble_std,mess_mess_mean,mess_mess_min,mess_mess_pct_extrapolation,mess_n_mess_points,algo_sd_mean,algo_sd_median,binary_agreement_mean,binary_agreement_unanimous_pct,glm_tss,glm_auc_roc,gam_tss,gam_auc_roc,rf_tss,rf_auc_roc,gbm_tss,gbm_auc_roc,maxent_tss,maxent_auc_roc,glm_auc_pr,glm_f1,gam_auc_pr,gam_f1,rf_auc_pr,rf_f1,gbm_auc_pr,gbm_f1,maxent_auc_pr,maxent_f1,tss_glm_mean,tss_glm_std,auc_glm_mean,auc_glm_std,tss_gam_mean,tss_gam_std,auc_gam_mean,auc_gam_std,tss_rf_mean,tss_rf_std,auc_rf_mean,auc_rf_std,tss_gbm_mean,tss_gbm_std,auc_gbm_mean,auc_gbm_std,tss_maxent_mean,tss_maxent_std,auc_maxent_mean,auc_maxent_std,mess_mess_max,binary_agreement_max_possible
nolana_sedifolia,ok,spatial_cv_oof,37,9472,7,0.4138909318975986,0.6616342905405406,0.7570647182964743,0.9521149105186267,0.5924922938380608,0.6616342905405406,0.2564102564102564,0.015914116073803202,0.9432282476752978,-0.23829409295041315,0.49095619094477,0.35135135135135137,0.3045163803278041,0.4050501347658173,0.7733512323277879,0.38187370486373634,0.9306407873214408,-276.44205167935195,11.084235986959722,9509,0.11329500623193195,0.06416168693721933,0.34304343253759595,0.2418761173624987,0.7508445945945947,0.8697583774653032,0.7755489864864864,0.9069005661066473,0.7062922297297298,0.8750599205624543,0.7341638513513513,0.8868928049671293,0.7920185810810811,0.9222773237764791,0.0706036476540091,0.0557006092254134,0.45204512707492667,0.09422492401215805,0.5088378660338424,0.10313075506445672,0.48576540830983134,0.10820895522388059,0.4830388641932721,0.12350597609561753,0.43899890444064804,0.5210972022672614,0.6348938697828708,0.3939071628815708,0.24370461167082383,0.3083443137561161,0.6796135781542215,0.3734194377271089,0.4867128215095242,0.4154678619531535,0.7684001437864877,0.2772437054451795,0.45181756453118294,0.3953263670474264,0.7741020263087235,0.33265367147083125,0.41321534098110774,0.38785165616416023,0.7162891805890995,0.3556569300560345,27.027027027027028,5.0
