slug,status,metrics_source,n_presencias,n_background,n_predictores,threshold_maxTSS,tss_at_maxTSS,threshold_p10,ens_auc_roc,ens_auc_pr,ens_tss,ens_f1,ens_brier_score,ens_calib_slope,ens_calib_intercept,ens_boyce_index,ens_or10,tss_ensemble_mean,tss_ensemble_std,auc_ensemble_mean,auc_ensemble_std,mess_mess_mean,mess_mess_min,mess_mess_pct_extrapolation,mess_n_mess_points,algo_sd_mean,algo_sd_median,binary_agreement_mean,binary_agreement_unanimous_pct,glm_tss,glm_auc_roc,gam_tss,gam_auc_roc,rf_tss,rf_auc_roc,gbm_tss,gbm_auc_roc,maxent_tss,maxent_auc_roc,glm_auc_pr,glm_f1,gam_auc_pr,gam_f1,rf_auc_pr,rf_f1,gbm_auc_pr,gbm_f1,maxent_auc_pr,maxent_f1,tss_glm_mean,tss_glm_std,auc_glm_mean,auc_glm_std,tss_gam_mean,tss_gam_std,auc_gam_mean,auc_gam_std,tss_rf_mean,tss_rf_std,auc_rf_mean,auc_rf_std,tss_gbm_mean,tss_gbm_std,auc_gbm_mean,auc_gbm_std,tss_maxent_mean,tss_maxent_std,auc_maxent_mean,auc_maxent_std,mess_mess_max,binary_agreement_max_possible
skytanthus_acutus,ok,spatial_cv_oof,84,9436,4,0.025473389707088057,0.8093118553059206,0.8904032248200847,,,0.8093118553059206,0.0895361380798274,,,,0.35505014583943784,1.0,-0.0013646288209607227,0.0013646288209607227,0.8320302092219982,0.14534898651457467,-36.38500869870722,-534.2413185940538,52.983193277310924,9520,0.1493273526792445,0.029932298943136683,0.35577731092436976,0.0,0.9153949413593332,,0.9384626254062456,,0.6275964391691393,,0.8938815882436062,,0.953793980500212,,,0.19460726846424384,,0.31417624521072796,,0.045627376425855515,,0.1571969696969697,,0.6136363636363636,0.06444747623176816,0.07645620985622226,0.5196870683227226,0.11630278884674006,-0.0008187772925764003,0.0008187772925764003,0.6378457859914806,0.19079338424475567,-0.01626780345710299,0.005566257678268238,0.4751741402676165,0.011746192669363248,-0.0013646288209607227,0.0013646288209607227,0.5123174353687956,0.16024319956093527,-0.0016375545851528561,0.0016375545851528561,0.8630144093292621,0.11574366697118343,7.14285714285714,5.0
