slug,status,metrics_source,n_presencias,n_background,n_predictores,threshold_maxTSS,tss_at_maxTSS,threshold_p10,ens_auc_roc,ens_auc_pr,ens_tss,ens_f1,ens_brier_score,ens_calib_slope,ens_calib_intercept,ens_boyce_index,ens_or10,tss_ensemble_mean,tss_ensemble_std,auc_ensemble_mean,auc_ensemble_std,mess_mess_mean,mess_mess_min,mess_mess_pct_extrapolation,mess_n_mess_points,algo_sd_mean,algo_sd_median,binary_agreement_mean,binary_agreement_unanimous_pct,glm_tss,glm_auc_roc,gam_tss,gam_auc_roc,rf_tss,rf_auc_roc,gbm_tss,gbm_auc_roc,maxent_tss,maxent_auc_roc,glm_auc_pr,glm_f1,gam_auc_pr,gam_f1,rf_auc_pr,rf_f1,gbm_auc_pr,gbm_f1,maxent_auc_pr,maxent_f1,tss_glm_mean,tss_glm_std,auc_glm_mean,auc_glm_std,tss_gam_mean,tss_gam_std,auc_gam_mean,auc_gam_std,tss_rf_mean,tss_rf_std,auc_rf_mean,auc_rf_std,tss_gbm_mean,tss_gbm_std,auc_gbm_mean,auc_gbm_std,tss_maxent_mean,tss_maxent_std,auc_maxent_mean,auc_maxent_std,mess_mess_max,binary_agreement_max_possible
skytanthus_acutus,ok,spatial_cv_oof,84,9436,4,0.10276737428425697,0.8097357637416986,0.6965977788477827,,,0.8097357637416986,0.08972972972972973,,,,0.15762208124782012,1.0,-0.00027292576419213344,0.00027292576419213344,0.5734040612861386,0.16619882111146606,-36.38500869870722,-534.2413185940538,52.983193277310924,9520,0.1394777724517241,0.010351095064910082,0.18686974789915967,0.0,0.857637416984598,,0.9359545004945597,,0.6275964391691393,,0.8887946870142716,,0.9348947294051153,,,0.11874105865522175,,0.251896813353566,,0.045627376425855515,,0.1503623188405797,,0.24813153961136025,-0.0005458515283842669,0.0005458515283842669,0.523019481620358,0.1130849838037642,-0.0005458515283842669,0.0005458515283842669,0.6475747216730403,0.143207909445966,-0.0013646288209607227,0.0013646288209607227,0.49309166800803783,0.004827475868299846,-0.0013646288209607227,0.0013646288209607227,0.4948745063071137,0.13952516132894777,0.0,0.0,0.7893843103176145,0.049043637280638874,7.14285714285714,5.0
