slug,status,metrics_source,n_presencias,n_background,n_predictores,threshold_maxTSS,tss_at_maxTSS,threshold_p10,ens_auc_roc,ens_auc_pr,ens_tss,ens_f1,ens_brier_score,ens_calib_slope,ens_calib_intercept,ens_boyce_index,ens_or10,tss_ensemble_mean,tss_ensemble_std,auc_ensemble_mean,auc_ensemble_std,mess_mess_mean,mess_mess_min,mess_mess_pct_extrapolation,mess_n_mess_points,algo_sd_mean,algo_sd_median,binary_agreement_mean,binary_agreement_unanimous_pct,glm_tss,glm_auc_roc,gam_tss,gam_auc_roc,rf_tss,rf_auc_roc,gbm_tss,gbm_auc_roc,maxent_tss,maxent_auc_roc,glm_auc_pr,glm_f1,gam_auc_pr,gam_f1,rf_auc_pr,rf_f1,gbm_auc_pr,gbm_f1,maxent_auc_pr,maxent_f1,tss_glm_mean,tss_glm_std,auc_glm_mean,auc_glm_std,tss_gam_mean,tss_gam_std,auc_gam_mean,auc_gam_std,tss_rf_mean,tss_rf_std,auc_rf_mean,auc_rf_std,tss_gbm_mean,tss_gbm_std,auc_gbm_mean,auc_gbm_std,tss_maxent_mean,tss_maxent_std,auc_maxent_mean,auc_maxent_std,mess_mess_max,binary_agreement_max_possible
cumulopuntia_sphaerica,ok,spatial_cv_oof,135,9656,7,0.2955813948493864,0.668481696277885,0.4003289720376281,,,0.668481696277885,0.65,,,,0.6777406745680835,0.5259259259259259,0.4639133536806132,0.4288777152484134,0.8135020310385164,0.30502125911712613,4.380486673870261,-8.2888550032468,7.088142171381881,9791,0.012240049557728049,0.00015487029692103364,0.05402921049943826,0.12256153610458584,0.8952276841879163,,0.8611011384209397,,0.8547186167111602,,0.8245604345024393,,0.8435177513885055,,,0.330749354005168,,0.2463627546071775,,0.33424657534246577,,0.5170068027210885,,0.575682382133995,0.4112804402636682,0.3795343884680495,0.8263816491051382,0.27724524405388695,0.4042934480775753,0.3870668820889913,0.8351098270605314,0.24848355486468518,0.3043362068541827,0.4067944726393882,0.779963041105582,0.23719915665577881,0.3855382363397176,0.3936759162297321,0.80426415611488,0.18991392083814299,0.5033596905953736,0.4412817414843798,0.862857135845633,0.17524669854777478,62.22222222222222,5.0
