slug,status,metrics_source,n_presencias,n_background,n_predictores,threshold_maxTSS,tss_at_maxTSS,threshold_p10,ens_auc_roc,ens_auc_pr,ens_tss,ens_f1,ens_brier_score,ens_calib_slope,ens_calib_intercept,ens_boyce_index,ens_or10,tss_ensemble_mean,tss_ensemble_std,auc_ensemble_mean,auc_ensemble_std,mess_mess_mean,mess_mess_min,mess_mess_pct_extrapolation,mess_n_mess_points,algo_sd_mean,algo_sd_median,binary_agreement_mean,binary_agreement_unanimous_pct,glm_tss,glm_auc_roc,gam_tss,gam_auc_roc,rf_tss,rf_auc_roc,gbm_tss,gbm_auc_roc,maxent_tss,maxent_auc_roc,glm_auc_pr,glm_f1,gam_auc_pr,gam_f1,rf_auc_pr,rf_f1,gbm_auc_pr,gbm_f1,maxent_auc_pr,maxent_f1,tss_glm_mean,tss_glm_std,auc_glm_mean,auc_glm_std,tss_gam_mean,tss_gam_std,auc_gam_mean,auc_gam_std,tss_rf_mean,tss_rf_std,auc_rf_mean,auc_rf_std,tss_gbm_mean,tss_gbm_std,auc_gbm_mean,auc_gbm_std,tss_maxent_mean,tss_maxent_std,auc_maxent_mean,auc_maxent_std,mess_mess_max,binary_agreement_max_possible
pleurophora_pungens,ok,spatial_cv_oof,59,18749,7,0.6008318864569592,0.015349067204488254,0.6208427066075982,0.743306083669095,0.023127968382791148,0.5613614647018463,0.0314900153609831,0.02075004753199056,0.005212757854097247,0.011835083762300785,-0.22987635210021484,0.9830508474576272,0.0013288733662532915,0.006065229871112447,0.7857896396435133,0.1381997803816897,-12.20279160537311,-126.32865430784759,62.09591663122076,18808,0.27796276896991934,0.2803080819980289,0.7790301999149298,0.0,0.5640409296405413,0.744990241287445,0.555140115947427,0.8154021321815129,0.5613614647018463,0.743306083669095,0.06994813734698613,0.32834881137163474,0.40304160854680604,0.6446933666970712,0.007442487162066696,0.01920062695924765,0.009015869020397678,0.016193095019859455,0.023127968382791148,0.0314900153609831,0.0031014692872565666,0.014300306435137897,0.005869921364011974,0.016464471403812825,-0.022473516855999475,0.1406409043994183,0.5223860321054457,0.09669618892148922,0.0,0.0,0.6744947084206485,0.12664092274770958,0.0013288733662532915,0.006065229871112447,0.7857896396435133,0.1381997803816897,-0.002769183404922315,0.003574065660126288,0.6200375736524932,0.20113631527813872,0.2382137724359113,0.25085585996316245,0.6598648854238552,0.12488738470867221,27.118644067796605,5.0
