slug,status,metrics_source,n_presencias,n_background,n_predictores,threshold_maxTSS,tss_at_maxTSS,threshold_p10,ens_auc_roc,ens_auc_pr,ens_tss,ens_f1,ens_brier_score,ens_calib_slope,ens_calib_intercept,ens_boyce_index,ens_or10,tss_ensemble_mean,tss_ensemble_std,auc_ensemble_mean,auc_ensemble_std,mess_mess_mean,mess_mess_min,mess_mess_pct_extrapolation,mess_n_mess_points,algo_sd_mean,algo_sd_median,binary_agreement_mean,binary_agreement_unanimous_pct,glm_tss,glm_auc_roc,gam_tss,gam_auc_roc,rf_tss,rf_auc_roc,gbm_tss,gbm_auc_roc,maxent_tss,maxent_auc_roc,glm_auc_pr,glm_f1,gam_auc_pr,gam_f1,rf_auc_pr,rf_f1,gbm_auc_pr,gbm_f1,maxent_auc_pr,maxent_f1,tss_glm_mean,tss_glm_std,auc_glm_mean,auc_glm_std,tss_gam_mean,tss_gam_std,auc_gam_mean,auc_gam_std,tss_rf_mean,tss_rf_std,auc_rf_mean,auc_rf_std,tss_gbm_mean,tss_gbm_std,auc_gbm_mean,auc_gbm_std,tss_maxent_mean,tss_maxent_std,auc_maxent_mean,auc_maxent_std,mess_mess_max,binary_agreement_max_possible
oxalis_gigantea,ok,spatial_cv_oof,68,19310,7,0.339862325806278,0.5586163828555764,0.4656158586476067,,,0.5586163828555764,0.6909090909090909,,,,0.783782624932116,0.4411764705882353,0.5441167733626112,0.09611563656837097,0.9715343564481496,0.0028246179108248337,-146.29023429324448,-603.5662791127429,54.27804727010012,19378,0.002389566894153216,1.2801818283763582e-05,0.010166167819176385,0.13417277324801322,0.8668595972827244,,0.8191717184025347,,0.8652130867883145,,0.9519435221007098,,0.9313857495354434,,,0.06176883481516144,,0.0747091243110839,,0.6781609195402298,,0.17201540436456997,,0.14814814814814814,0.5825783118241497,0.1345771750299094,0.960242129358087,0.0035539899113268825,0.5438523629977249,0.09585122620348463,0.9369860554842958,0.026281243055345405,0.36016325628394585,0.05009315397246428,0.9228424029060893,0.06311333886668047,0.4925248406140199,0.1479719796818486,0.9862411071683898,0.00435876537225488,0.5568050810006808,0.10880394420644057,0.9782369045398094,0.005071166699296248,32.909070635247446,5.0
