slug,status,metrics_source,n_presencias,n_background,n_predictores,threshold_maxTSS,tss_at_maxTSS,threshold_p10,ens_auc_roc,ens_auc_pr,ens_tss,ens_f1,ens_brier_score,ens_calib_slope,ens_calib_intercept,ens_boyce_index,ens_or10,tss_ensemble_mean,tss_ensemble_std,auc_ensemble_mean,auc_ensemble_std,mess_mess_mean,mess_mess_min,mess_mess_pct_extrapolation,mess_n_mess_points,algo_sd_mean,algo_sd_median,binary_agreement_mean,binary_agreement_unanimous_pct,glm_tss,glm_auc_roc,gam_tss,gam_auc_roc,rf_tss,rf_auc_roc,gbm_tss,gbm_auc_roc,maxent_tss,maxent_auc_roc,glm_auc_pr,glm_f1,gam_auc_pr,gam_f1,rf_auc_pr,rf_f1,gbm_auc_pr,gbm_f1,maxent_auc_pr,maxent_f1,tss_glm_mean,tss_glm_std,auc_glm_mean,auc_glm_std,tss_gam_mean,tss_gam_std,auc_gam_mean,auc_gam_std,tss_rf_mean,tss_rf_std,auc_rf_mean,auc_rf_std,tss_gbm_mean,tss_gbm_std,auc_gbm_mean,auc_gbm_std,tss_maxent_mean,tss_maxent_std,auc_maxent_mean,auc_maxent_std,mess_mess_max,binary_agreement_max_possible
cumulopuntia_sphaerica,ok,spatial_cv_oof,135,9656,7,0.31075603761403414,0.7364563196170488,0.5811389873540647,0.9529749301911687,0.5309303398977562,0.7881117861855227,0.24733475479744135,0.01941064711781068,0.7309160302984291,-0.16026864513919445,0.9338345864661652,0.37037037037037035,0.8083903781153532,0.22598805172241643,0.981542894498251,0.014174418282423374,4.380486673870261,-8.2888550032468,7.088142171381881,9791,0.06782075741119292,0.020461454076831316,0.3046675518333163,1.3481768971504442,0.7875226303353893,0.9483614102918162,0.7689419742858019,0.9484005339224892,0.7870654208475252,0.8976640891098224,0.7258054865138543,0.8788958697720088,0.7646414434318327,0.9343563012059284,0.46164718304864605,0.14112458654906285,0.39276393571272866,0.2689075630252101,0.45299039374360056,0.3404255319148936,0.5355325842878217,0.18861512319456245,0.485607756617503,0.27680798004987534,0.8460499100915431,0.06789237139802552,0.9728951768301733,0.018971898877492958,0.6897516496618076,0.20571197731736354,0.968936430673736,0.018310163315222436,0.8299922816206775,0.17839930661003206,0.9632709580968573,0.04745886265342874,0.721897770195578,0.21146153955624905,0.9612909382458451,0.04541049372230144,0.7250901466196732,0.3424563310288157,0.9648239947158673,0.028255494853376847,62.22222222222222,5.0
