slug,status,metrics_source,n_presencias,n_background,n_predictores,threshold_maxTSS,tss_at_maxTSS,threshold_p10,ens_auc_roc,ens_auc_pr,ens_tss,ens_f1,ens_brier_score,ens_calib_slope,ens_calib_intercept,ens_boyce_index,ens_or10,tss_ensemble_mean,tss_ensemble_std,auc_ensemble_mean,auc_ensemble_std,mess_mess_mean,mess_mess_min,mess_mess_pct_extrapolation,mess_n_mess_points,algo_sd_mean,algo_sd_median,binary_agreement_mean,binary_agreement_unanimous_pct,glm_tss,glm_auc_roc,gam_tss,gam_auc_roc,rf_tss,rf_auc_roc,gbm_tss,gbm_auc_roc,maxent_tss,maxent_auc_roc,glm_auc_pr,glm_f1,gam_auc_pr,gam_f1,rf_auc_pr,rf_f1,gbm_auc_pr,gbm_f1,maxent_auc_pr,maxent_f1,tss_glm_mean,tss_glm_std,auc_glm_mean,auc_glm_std,tss_gam_mean,tss_gam_std,auc_gam_mean,auc_gam_std,tss_rf_mean,tss_rf_std,auc_rf_mean,auc_rf_std,tss_gbm_mean,tss_gbm_std,auc_gbm_mean,auc_gbm_std,tss_maxent_mean,tss_maxent_std,auc_maxent_mean,auc_maxent_std,mess_mess_max,binary_agreement_max_possible
schinus_areira,ok,spatial_cv_oof,1309,9435,8,0.3373835823737962,0.7301137654078831,0.5039605038635612,0.9635571355294538,0.7716817044555361,0.7301137654078831,0.7546035325065765,0.04817997349138737,0.8355951052119744,0.1207208694594552,0.8771929824561402,0.41482047364400304,0.7185968415192872,0.26508309882434844,0.9635807709721927,0.03167729395908305,-2.9687963784400773,-91.13175526010984,19.015264333581534,10744,0.06406866808019658,0.01802631811267511,0.5791139240506329,3.9929262844378255,0.6533038768332886,0.8633316775185287,0.7932910756440168,0.9434016184881236,0.8200648318295376,0.9668601824311165,0.8311000075705959,0.9680388472776016,0.7880494704024117,0.9528052701063083,0.4196407548057159,0.5461518793147533,0.6625710657438523,0.6848431545001465,0.7936038172746191,0.7071005917159763,0.7860702598152922,0.7119741100323624,0.7226490228613611,0.682339112547752,0.3947750195910033,0.21741455193023035,0.8773757310005472,0.1134075408926478,0.6758375859141277,0.21852872887815733,0.9477482579496813,0.041509655387453374,0.6431582329660466,0.2832750721015698,0.9650464489839301,0.030214572001126407,0.7418454174993544,0.25032296996628695,0.9672992978637357,0.026086995727524,0.6226580803418788,0.28218813922033575,0.9524620239555361,0.04488817479521809,54.85103132161956,5.0
