slug,status,metrics_source,n_presencias,n_background,n_predictores,threshold_maxTSS,tss_at_maxTSS,threshold_p10,ens_auc_roc,ens_auc_pr,ens_tss,ens_f1,ens_brier_score,ens_calib_slope,ens_calib_intercept,ens_boyce_index,ens_or10,tss_ensemble_mean,tss_ensemble_std,auc_ensemble_mean,auc_ensemble_std,mess_mess_mean,mess_mess_min,mess_mess_pct_extrapolation,mess_n_mess_points,algo_sd_mean,algo_sd_median,binary_agreement_mean,binary_agreement_unanimous_pct,glm_tss,glm_auc_roc,gam_tss,gam_auc_roc,rf_tss,rf_auc_roc,gbm_tss,gbm_auc_roc,maxent_tss,maxent_auc_roc,glm_auc_pr,glm_f1,gam_auc_pr,gam_f1,rf_auc_pr,rf_f1,gbm_auc_pr,gbm_f1,maxent_auc_pr,maxent_f1,tss_glm_mean,tss_glm_std,auc_glm_mean,auc_glm_std,tss_gam_mean,tss_gam_std,auc_gam_mean,auc_gam_std,tss_rf_mean,tss_rf_std,auc_rf_mean,auc_rf_std,tss_gbm_mean,tss_gbm_std,auc_gbm_mean,auc_gbm_std,tss_maxent_mean,tss_maxent_std,auc_maxent_mean,auc_maxent_std,mess_mess_max,binary_agreement_max_possible
oxalis_gigantea,ok,spatial_cv_oof,68,9532,7,0.31868535865658787,0.7053578040532202,0.6518425024817794,,,0.7053578040532202,0.7933884297520661,,,,0.7361719631021508,0.5882352941176471,0.706956471999004,0.016599047853184112,0.9833386583455419,0.007141931295572446,0.7539078170215692,-173.46645735414123,18.302083333333332,9600,0.0059322968509710056,1.2276142432573115e-05,0.024583333333333332,0.3229166666666667,0.9589432499814865,,0.896694724889536,,0.8656537730492952,,0.938257510305843,,0.947088445113673,,,0.5387755102040817,,0.2302158273381295,,0.8082191780821918,,0.4318936877076412,,0.3687150837988827,0.7368780395965502,0.12344369237380692,0.983138984479243,0.008767508401282376,0.5556699355843513,0.10855889587997503,0.9583990669401677,0.012221893441884846,0.4282890604023233,0.08404388537772145,0.9215832900368448,0.06352091179090663,0.630078875467412,0.009971631477292853,0.9769339645386548,0.0014755667719004162,0.7148685512892169,0.025795790057718482,0.984258491282314,0.007949248761467353,32.909070635247446,5.0
