slug,status,metrics_source,n_presencias,n_background,n_predictores,threshold_maxTSS,tss_at_maxTSS,threshold_p10,ens_auc_roc,ens_auc_pr,ens_tss,ens_f1,ens_brier_score,ens_calib_slope,ens_calib_intercept,ens_boyce_index,ens_or10,tss_ensemble_mean,tss_ensemble_std,auc_ensemble_mean,auc_ensemble_std,mess_mess_mean,mess_mess_min,mess_mess_pct_extrapolation,mess_n_mess_points,algo_sd_mean,algo_sd_median,binary_agreement_mean,binary_agreement_unanimous_pct,glm_tss,glm_auc_roc,gam_tss,gam_auc_roc,rf_tss,rf_auc_roc,gbm_tss,gbm_auc_roc,maxent_tss,maxent_auc_roc,glm_auc_pr,glm_f1,gam_auc_pr,gam_f1,rf_auc_pr,rf_f1,gbm_auc_pr,gbm_f1,maxent_auc_pr,maxent_f1,tss_glm_mean,tss_glm_std,auc_glm_mean,auc_glm_std,tss_gam_mean,tss_gam_std,auc_gam_mean,auc_gam_std,tss_rf_mean,tss_rf_std,auc_rf_mean,auc_rf_std,tss_gbm_mean,tss_gbm_std,auc_gbm_mean,auc_gbm_std,tss_maxent_mean,tss_maxent_std,auc_maxent_mean,auc_maxent_std,mess_mess_max,binary_agreement_max_possible
krameria_cistoidea,ok,spatial_cv_oof,223,19338,8,0.07740681210332646,0.013334882364099299,0.5585397358591467,,,0.013334882364099299,0.02531645569620253,,,,-0.7531234192521683,1.0,-0.0029306659571179394,0.010594037327452843,0.7516734616903034,0.21520481598013547,-123.55853254842387,-421.893337952858,73.33980880323092,19561,0.0066152026664414755,0.0007485375552176011,0.016256837584990542,0.005112213077041051,0.8658745739585667,,0.8837004860895648,,0.612886544627159,,0.6201261764401695,,0.851321105265916,,,0.15040650406504066,,0.16549165120593692,,0.0562279374684821,,0.057238193018480495,,0.14388489208633093,-0.009246480817002467,0.009246480817002467,0.8998865182385682,0.07085596037031938,-0.0028895766105594967,0.0026307104443674123,0.9386914064287903,0.030118971710872855,-0.0013800717637317272,0.0013800717637317272,0.7160541108168689,0.21825447322950153,-0.0008280430582390252,0.0008280430582390252,0.36313117724999733,0.2636974178369472,0.010365415116634635,0.011745486880366307,0.6826005359957947,0.17249192881237524,24.2152466367713,5.0
