slug,status,metrics_source,n_presencias,n_background,n_predictores,threshold_maxTSS,tss_at_maxTSS,threshold_p10,ens_auc_roc,ens_auc_pr,ens_tss,ens_f1,ens_brier_score,ens_calib_slope,ens_calib_intercept,ens_boyce_index,ens_or10,tss_ensemble_mean,tss_ensemble_std,auc_ensemble_mean,auc_ensemble_std,mess_mess_mean,mess_mess_min,mess_mess_pct_extrapolation,mess_n_mess_points,algo_sd_mean,algo_sd_median,binary_agreement_mean,binary_agreement_unanimous_pct,glm_tss,glm_auc_roc,gam_tss,gam_auc_roc,rf_tss,rf_auc_roc,gbm_tss,gbm_auc_roc,maxent_tss,maxent_auc_roc,glm_auc_pr,glm_f1,gam_auc_pr,gam_f1,rf_auc_pr,rf_f1,gbm_auc_pr,gbm_f1,maxent_auc_pr,maxent_f1,tss_glm_mean,tss_glm_std,auc_glm_mean,auc_glm_std,tss_gam_mean,tss_gam_std,auc_gam_mean,auc_gam_std,tss_rf_mean,tss_rf_std,auc_rf_mean,auc_rf_std,tss_gbm_mean,tss_gbm_std,auc_gbm_mean,auc_gbm_std,tss_maxent_mean,tss_maxent_std,auc_maxent_mean,auc_maxent_std,mess_mess_max,binary_agreement_max_possible
senna_cumingii,ok,spatial_cv_oof,92,19344,7,0.33609776824105175,0.41283669579602256,0.5603177997281781,,,0.41283669579602256,0.5671641791044776,,,,0.3227696684411677,0.717391304347826,0.43846024753513746,0.29846024753513734,0.9825789296361984,0.015589030646299407,-242.92594983796718,-746.7223110654262,73.96069150030871,19436,0.003792906876607786,3.1274454475296256e-05,0.00812924470055567,0.005145091582630171,0.9175567303197036,,0.8169413277232351,,0.9350545725896358,,0.8656408458301867,,0.7884075952098393,,,0.1554585152838428,,0.08255528255528255,,0.453125,,0.09081527347781218,,0.05128205128205128,0.07970631424375912,0.0802936857562408,0.9768247563743159,0.01847627152583098,0.5022697713446612,0.28226977134466125,0.9550544256282142,0.02726149633528485,0.1903650094398993,0.0703650094398992,0.9732077032121085,0.025369319373724664,0.3370316761065659,0.25703167610656585,0.9442960870504924,0.0542809355353408,0.47402769037130277,0.33402769037130264,0.948888423250758,0.0477621606244954,34.78260869565217,5.0
