slug,status,metrics_source,n_presencias,n_background,n_predictores,threshold_maxTSS,tss_at_maxTSS,threshold_p10,ens_auc_roc,ens_auc_pr,ens_tss,ens_f1,ens_brier_score,ens_calib_slope,ens_calib_intercept,ens_boyce_index,ens_or10,tss_ensemble_mean,tss_ensemble_std,auc_ensemble_mean,auc_ensemble_std,mess_mess_mean,mess_mess_min,mess_mess_pct_extrapolation,mess_n_mess_points,algo_sd_mean,algo_sd_median,binary_agreement_mean,binary_agreement_unanimous_pct,glm_tss,glm_auc_roc,gam_tss,gam_auc_roc,rf_tss,rf_auc_roc,gbm_tss,gbm_auc_roc,maxent_tss,maxent_auc_roc,glm_auc_pr,glm_f1,gam_auc_pr,gam_f1,rf_auc_pr,rf_f1,gbm_auc_pr,gbm_f1,maxent_auc_pr,maxent_f1,tss_glm_mean,tss_glm_std,auc_glm_mean,auc_glm_std,tss_gam_mean,tss_gam_std,auc_gam_mean,auc_gam_std,tss_rf_mean,tss_rf_std,auc_rf_mean,auc_rf_std,tss_gbm_mean,tss_gbm_std,auc_gbm_mean,auc_gbm_std,tss_maxent_mean,tss_maxent_std,auc_maxent_mean,auc_maxent_std,mess_mess_max,binary_agreement_max_possible
atriplex_semibaccata,ok,spatial_cv_oof,1054,9494,8,0.3314018085584316,0.7690483832993094,0.5123400469684765,0.9777515530631751,0.8106857031165755,0.7690483832993094,0.7890514393581878,0.03568973159463766,0.9176979229604175,0.13251523506686758,0.8526315789473684,0.4146110056925996,0.7172951247199058,0.10745715925326894,0.9699367034601863,0.015764323245082566,-25.906875909047386,-252.758942447166,45.90443686006826,10548,0.052888546750837505,0.009985530016106785,0.4713689799014031,3.8490709139173305,0.7379691318076054,0.9160078731438891,0.8745043808753277,0.9762519541953792,0.8629133190681899,0.9771420599607703,0.8749304964006028,0.9804171235283325,0.8638596872727766,0.9704823060125061,0.4482411489440288,0.5262002743484225,0.7749835671604642,0.7365690996665432,0.7995162577342776,0.7188068388504911,0.8425007021317179,0.7259528130671506,0.7315251760116405,0.725,0.43455968407148243,0.17050095036459628,0.9094194884192053,0.036793873394625545,0.7138895557473328,0.1156102817173165,0.9720940418486075,0.011193574478697853,0.648195888728899,0.0875992140365937,0.9715551928542381,0.012549240949597272,0.7518328185652531,0.12189833340811615,0.9760177382103136,0.008290667470640025,0.5506873537091568,0.13005579571203113,0.9656346020095699,0.013394937978165959,51.61290322580645,5.0
