slug,status,metrics_source,n_presencias,n_background,n_predictores,threshold_maxTSS,tss_at_maxTSS,threshold_p10,ens_auc_roc,ens_auc_pr,ens_tss,ens_f1,ens_brier_score,ens_calib_slope,ens_calib_intercept,ens_boyce_index,ens_or10,tss_ensemble_mean,tss_ensemble_std,auc_ensemble_mean,auc_ensemble_std,mess_mess_mean,mess_mess_min,mess_mess_pct_extrapolation,mess_n_mess_points,algo_sd_mean,algo_sd_median,binary_agreement_mean,binary_agreement_unanimous_pct,glm_tss,glm_auc_roc,gam_tss,gam_auc_roc,rf_tss,rf_auc_roc,gbm_tss,gbm_auc_roc,maxent_tss,maxent_auc_roc,glm_auc_pr,glm_f1,gam_auc_pr,gam_f1,rf_auc_pr,rf_f1,gbm_auc_pr,gbm_f1,maxent_auc_pr,maxent_f1,tss_glm_mean,tss_glm_std,auc_glm_mean,auc_glm_std,tss_gam_mean,tss_gam_std,auc_gam_mean,auc_gam_std,tss_rf_mean,tss_rf_std,auc_rf_mean,auc_rf_std,tss_gbm_mean,tss_gbm_std,auc_gbm_mean,auc_gbm_std,tss_maxent_mean,tss_maxent_std,auc_maxent_mean,auc_maxent_std,mess_mess_max,binary_agreement_max_possible
atriplex_semibaccata,ok,spatial_cv_oof,1054,9494,8,0.334643323591469,0.8403208018326964,0.6066101830845715,0.9779097474526006,0.8154358636248964,0.8403208018326964,0.7980977086035452,0.03286342326833067,1.120689875729478,-0.04534560060421233,0.9639097744360902,0.34819734345351044,0.7714921647501772,0.1290119725735654,0.9712010048277138,0.014890207903070178,-25.906875909047386,-252.758942447166,45.90443686006826,10548,0.08888231584257064,0.03540177129798022,0.7108456579446341,6.968145620022753,0.7642170087249753,0.9273436054090289,0.8599544943795523,0.9721712784545037,0.8556543651458286,0.9784532845872096,0.8717634107469854,0.9802133095945147,0.8613421679686641,0.9736835688494362,0.4643575918496083,0.5388402625820569,0.7296044958113627,0.7346631539330072,0.8067750058395409,0.6823770491803278,0.836562618025141,0.7354359925788497,0.7438303813367492,0.6951983298538622,0.7145934638685209,0.08992226873671587,0.9211322053066573,0.026132382601883414,0.6901206010649966,0.11938243649856699,0.9698407829197592,0.012077161896587049,0.7943622455613483,0.10841568372804969,0.9716716077611695,0.013281655227499153,0.724304450430124,0.11374862408910823,0.9767134075092786,0.007268448036070113,0.6256394811388386,0.15111655863744902,0.9717041074673457,0.009372407047383948,51.61290322580645,5.0
