slug,status,metrics_source,n_presencias,n_background,n_predictores,threshold_maxTSS,tss_at_maxTSS,threshold_p10,ens_auc_roc,ens_auc_pr,ens_tss,ens_f1,ens_brier_score,ens_calib_slope,ens_calib_intercept,ens_boyce_index,ens_or10,tss_ensemble_mean,tss_ensemble_std,auc_ensemble_mean,auc_ensemble_std,mess_mess_mean,mess_mess_min,mess_mess_pct_extrapolation,mess_n_mess_points,algo_sd_mean,algo_sd_median,binary_agreement_mean,binary_agreement_unanimous_pct,glm_tss,glm_auc_roc,gam_tss,gam_auc_roc,rf_tss,rf_auc_roc,gbm_tss,gbm_auc_roc,maxent_tss,maxent_auc_roc,glm_auc_pr,glm_f1,gam_auc_pr,gam_f1,rf_auc_pr,rf_f1,gbm_auc_pr,gbm_f1,maxent_auc_pr,maxent_f1,tss_glm_mean,tss_glm_std,auc_glm_mean,auc_glm_std,tss_gam_mean,tss_gam_std,auc_gam_mean,auc_gam_std,tss_rf_mean,tss_rf_std,auc_rf_mean,auc_rf_std,tss_gbm_mean,tss_gbm_std,auc_gbm_mean,auc_gbm_std,tss_maxent_mean,tss_maxent_std,auc_maxent_mean,auc_maxent_std,mess_mess_max,binary_agreement_max_possible
cumulopuntia_sphaerica,ok,spatial_cv_oof,135,19344,7,0.2910030612639453,0.6846498483595258,0.36044071427425983,,,0.6846498483595258,0.6,,,,0.9294117647058824,0.4148148148148148,0.46093706204882395,0.44490130021735846,0.859380532361365,0.2286181849282758,4.828429677411526,-12.354887827196718,6.447969608296114,19479,0.008053977899605925,4.160189822821621e-05,0.029826993172134095,0.02566866882283485,0.9440056061023803,,0.9164150813344363,,0.8730849646172225,,0.8627676684128298,,0.8415644242257145,,,0.33762886597938147,,0.1815680880330124,,0.3432624113475177,,0.38636363636363635,,0.512249443207127,0.3990083842293648,0.3965793472133326,0.8730191113356051,0.21081964881167212,0.21730338188118759,0.2052764961427581,0.8713000871209187,0.19568212306061672,0.29660473601141996,0.4093779070061345,0.7917746633697061,0.22381723532458805,0.38593579879698087,0.3932321992721125,0.8163627078567002,0.17842749072666492,0.5104211297911986,0.4675103892667885,0.9047817300410361,0.12437702823605698,53.333333333333336,5.0
