slug,status,metrics_source,n_presencias,n_background,n_predictores,threshold_maxTSS,tss_at_maxTSS,threshold_p10,ens_auc_roc,ens_auc_pr,ens_tss,ens_f1,ens_brier_score,ens_calib_slope,ens_calib_intercept,ens_boyce_index,ens_or10,tss_ensemble_mean,tss_ensemble_std,auc_ensemble_mean,auc_ensemble_std,mess_mess_mean,mess_mess_min,mess_mess_pct_extrapolation,mess_n_mess_points,algo_sd_mean,algo_sd_median,binary_agreement_mean,binary_agreement_unanimous_pct,glm_tss,glm_auc_roc,gam_tss,gam_auc_roc,rf_tss,rf_auc_roc,gbm_tss,gbm_auc_roc,maxent_tss,maxent_auc_roc,glm_auc_pr,glm_f1,gam_auc_pr,gam_f1,rf_auc_pr,rf_f1,gbm_auc_pr,gbm_f1,maxent_auc_pr,maxent_f1,tss_glm_mean,tss_glm_std,auc_glm_mean,auc_glm_std,tss_gam_mean,tss_gam_std,auc_gam_mean,auc_gam_std,tss_rf_mean,tss_rf_std,auc_rf_mean,auc_rf_std,tss_gbm_mean,tss_gbm_std,auc_gbm_mean,auc_gbm_std,tss_maxent_mean,tss_maxent_std,auc_maxent_mean,auc_maxent_std,mess_mess_max,binary_agreement_max_possible
pleurophora_pungens,ok,spatial_cv_oof,56,9439,5,0.30323194152068095,0.6245762262951584,0.3187751767571892,,,0.6245762262951584,0.7368421052631579,,,,0.7467052001480741,0.375,0.5357573589087958,0.2725994641719538,0.8871961148088423,0.043462150818748435,1.571390529001986,-45.46889757463658,28.08846761453396,9495,0.013133011941218634,0.0004144652084986561,0.020115850447604004,0.0,0.7723635221648784,,0.7281737623537601,,0.7067164348523602,,0.6851512720778534,,0.7108690387904288,,,0.06050228310502283,,0.05573770491803279,,0.2433234421364985,,0.215633423180593,,0.04316546762589928,0.0,0.0,0.8306622006597766,0.005981805309382804,0.5356401989392755,0.27333012107398924,0.8869483219070595,0.03268357993343113,0.25289382052378495,0.010264074213057084,0.8231317646729709,0.09867224792858775,0.4420830097129742,0.17892511497613217,0.7037362194660489,0.2596363555629678,0.5426337814111855,0.2798997951101212,0.8789634235521373,0.02677360181679006,28.57142857142857,5.0
