slug,status,metrics_source,n_presencias,n_background,n_predictores,threshold_maxTSS,tss_at_maxTSS,threshold_p10,ens_auc_roc,ens_auc_pr,ens_tss,ens_f1,ens_brier_score,ens_calib_slope,ens_calib_intercept,ens_boyce_index,ens_or10,tss_ensemble_mean,tss_ensemble_std,auc_ensemble_mean,auc_ensemble_std,mess_mess_mean,mess_mess_min,mess_mess_pct_extrapolation,mess_n_mess_points,algo_sd_mean,algo_sd_median,binary_agreement_mean,binary_agreement_unanimous_pct,glm_tss,glm_auc_roc,gam_tss,gam_auc_roc,rf_tss,rf_auc_roc,gbm_tss,gbm_auc_roc,maxent_tss,maxent_auc_roc,glm_auc_pr,glm_f1,gam_auc_pr,gam_f1,rf_auc_pr,rf_f1,gbm_auc_pr,gbm_f1,maxent_auc_pr,maxent_f1,tss_glm_mean,tss_glm_std,auc_glm_mean,auc_glm_std,tss_gam_mean,tss_gam_std,auc_gam_mean,auc_gam_std,tss_rf_mean,tss_rf_std,auc_rf_mean,auc_rf_std,tss_gbm_mean,tss_gbm_std,auc_gbm_mean,auc_gbm_std,tss_maxent_mean,tss_maxent_std,auc_maxent_mean,auc_maxent_std,mess_mess_max,binary_agreement_max_possible
oxalis_gigantea,ok,spatial_cv_oof,99,18837,8,0.32446776558280543,0.6850009893488154,0.5943279661010553,0.950107058802711,0.11921345453536834,0.7969856230725796,0.07303370786516854,0.014628596500797219,0.17032524249019393,0.003087335572466529,0.5931372549019609,0.8181818181818182,0.559162856650872,0.3205984722621852,0.8253073412131362,0.20032290207873124,-70.68888923028243,-339.3435787134207,82.67321504013519,18936,0.07854919835889221,0.014515051629841881,0.2997993240388678,0.021123785382340516,0.7730289034636861,0.9432735809547403,0.782869304608435,0.9596699596699596,0.7781928216710825,0.9381836628213439,0.7438696569131351,0.9051013398839487,0.8218737783955175,0.9539636423694395,0.09957110466005138,0.06540697674418605,0.1343962024099265,0.05393130854385467,0.11880240626244001,0.06394940267041462,0.07485450267641636,0.057234726688102894,0.07401027381791621,0.07239122063919907,0.45338650788600515,0.34375588284107017,0.7971996364720759,0.22770492721443872,-0.0008510638297872352,0.0017021276595744707,0.901052123447643,0.06183795037067806,0.33599921620311707,0.34448408129499336,0.8604010108690783,0.13346724803518356,0.20950456332396286,0.19205098355734052,0.8319862834945727,0.14060610937184348,0.5693246430509016,0.31807710911146203,0.8826406928565976,0.07489606344568675,18.181818181818183,5.0
