slug,status,metrics_source,n_presencias,n_background,n_predictores,threshold_maxTSS,tss_at_maxTSS,threshold_p10,ens_auc_roc,ens_auc_pr,ens_tss,ens_f1,ens_brier_score,ens_calib_slope,ens_calib_intercept,ens_boyce_index,ens_or10,tss_ensemble_mean,tss_ensemble_std,auc_ensemble_mean,auc_ensemble_std,mess_mess_mean,mess_mess_min,mess_mess_pct_extrapolation,mess_n_mess_points,algo_sd_mean,algo_sd_median,binary_agreement_mean,binary_agreement_unanimous_pct,glm_tss,glm_auc_roc,gam_tss,gam_auc_roc,rf_tss,rf_auc_roc,gbm_tss,gbm_auc_roc,maxent_tss,maxent_auc_roc,glm_auc_pr,glm_f1,gam_auc_pr,gam_f1,rf_auc_pr,rf_f1,gbm_auc_pr,gbm_f1,maxent_auc_pr,maxent_f1,tss_glm_mean,tss_glm_std,auc_glm_mean,auc_glm_std,tss_gam_mean,tss_gam_std,auc_gam_mean,auc_gam_std,tss_rf_mean,tss_rf_std,auc_rf_mean,auc_rf_std,tss_gbm_mean,tss_gbm_std,auc_gbm_mean,auc_gbm_std,tss_maxent_mean,tss_maxent_std,auc_maxent_mean,auc_maxent_std,mess_mess_max,binary_agreement_max_possible
miqueliopuntia_miquelii,ok,spatial_cv_oof,129,9462,7,0.34445370128337294,0.9298098145335318,0.8051123904072545,,,0.9298098145335318,0.9486166007905138,,,,0.6934794073440969,0.689922480620155,0.8685747127942467,0.1185747127942467,0.9750146969307306,0.023799801556281253,-79.85600720382122,-419.70977319628446,78.0314878531957,9591,0.015360999970434943,0.00013151565539644918,0.052966322594098635,0.552601397143155,0.9489438783284916,,0.9330172587534964,,0.9769924250244553,,0.978260655842464,,0.9416146839499984,,,0.8338983050847457,,0.8148148148148148,,0.7767584097859327,,0.8063492063492064,,0.8413793103448276,0.5532014839918489,0.22584587283634505,0.9367381886789049,0.05986250035291374,0.8526320507866229,0.13388205078662285,0.922367003147222,0.07638854775074627,0.6784883873249583,0.07151161267504169,0.9832326760338428,0.015437728346618107,0.6680180265002161,0.05073197349978387,0.9938418749606511,0.004442095224968301,0.8502051333900553,0.13200579418300684,0.9829531644237248,0.015442151207865795,9.30232558139535,5.0
