slug,status,metrics_source,n_presencias,n_background,n_predictores,threshold_maxTSS,tss_at_maxTSS,threshold_p10,ens_auc_roc,ens_auc_pr,ens_tss,ens_f1,ens_brier_score,ens_calib_slope,ens_calib_intercept,ens_boyce_index,ens_or10,tss_ensemble_mean,tss_ensemble_std,auc_ensemble_mean,auc_ensemble_std,mess_mess_mean,mess_mess_min,mess_mess_pct_extrapolation,mess_n_mess_points,algo_sd_mean,algo_sd_median,binary_agreement_mean,binary_agreement_unanimous_pct,glm_tss,glm_auc_roc,gam_tss,gam_auc_roc,rf_tss,rf_auc_roc,gbm_tss,gbm_auc_roc,maxent_tss,maxent_auc_roc,glm_auc_pr,glm_f1,gam_auc_pr,gam_f1,rf_auc_pr,rf_f1,gbm_auc_pr,gbm_f1,maxent_auc_pr,maxent_f1,tss_glm_mean,tss_glm_std,auc_glm_mean,auc_glm_std,tss_gam_mean,tss_gam_std,auc_gam_mean,auc_gam_std,tss_rf_mean,tss_rf_std,auc_rf_mean,auc_rf_std,tss_gbm_mean,tss_gbm_std,auc_gbm_mean,auc_gbm_std,tss_maxent_mean,tss_maxent_std,auc_maxent_mean,auc_maxent_std,mess_mess_max,binary_agreement_max_possible
encelia_canescens,ok,spatial_cv_oof,271,9437,8,0.3387496381375848,0.8596538630428161,0.6815534771425316,,,0.8596538630428161,0.8650646950092421,,,,0.8883039364562715,0.3210332103321033,0.7439845627852182,0.30983402391993325,0.9966543725321599,0.004157738745427492,-15.397840066286282,-137.11052010828848,39.74042027194067,9708,0.012461255955738963,7.454062277973937e-05,0.12865677791512156,1.8335393489905232,0.9653558048773241,,0.9463382532521945,,0.9810884142538576,,0.9637663166925194,,0.9210565932087209,,,0.8103975535168195,,0.721763085399449,,0.8743882544861338,,0.7922272047832586,,0.7492625368731564,0.8928017830767736,0.09389385085018584,0.9939761669358327,0.005667361584472768,0.7341202283659096,0.25670053639191415,0.993272922287593,0.006222082788714388,0.6366221666827165,0.29786850340737453,0.9962164989051603,0.0031766024532991744,0.7160379457656283,0.29431879219445334,0.9920534094383616,0.0051806742475059946,0.5843581167529486,0.2861466702925597,0.9826033046393844,0.020985814073300413,33.94833948339483,5.0
