slug,status,metrics_source,n_presencias,n_background,n_predictores,threshold_maxTSS,tss_at_maxTSS,threshold_p10,ens_auc_roc,ens_auc_pr,ens_tss,ens_f1,ens_brier_score,ens_calib_slope,ens_calib_intercept,ens_boyce_index,ens_or10,tss_ensemble_mean,tss_ensemble_std,auc_ensemble_mean,auc_ensemble_std,mess_mess_mean,mess_mess_min,mess_mess_pct_extrapolation,mess_n_mess_points,algo_sd_mean,algo_sd_median,binary_agreement_mean,binary_agreement_unanimous_pct,glm_tss,glm_auc_roc,gam_tss,gam_auc_roc,rf_tss,rf_auc_roc,gbm_tss,gbm_auc_roc,maxent_tss,maxent_auc_roc,glm_auc_pr,glm_f1,gam_auc_pr,gam_f1,rf_auc_pr,rf_f1,gbm_auc_pr,gbm_f1,maxent_auc_pr,maxent_f1,tss_glm_mean,tss_glm_std,auc_glm_mean,auc_glm_std,tss_gam_mean,tss_gam_std,auc_gam_mean,auc_gam_std,tss_rf_mean,tss_rf_std,auc_rf_mean,auc_rf_std,tss_gbm_mean,tss_gbm_std,auc_gbm_mean,auc_gbm_std,tss_maxent_mean,tss_maxent_std,auc_maxent_mean,auc_maxent_std,mess_mess_max,binary_agreement_max_possible
krameria_cistoidea,ok,spatial_cv_oof,223,9431,8,0.0584190633267187,0.05838868382250495,0.6442101404685134,,,0.05838868382250495,0.08767123287671233,,,,-0.78969246589249,1.0,0.0025426482901340086,0.023351896845047293,0.8555586718735451,0.07045288882009659,-20.811229459803762,-201.93927261649486,46.0638077480837,9654,0.009911207558350245,0.0007627651135324752,0.03190387404184794,0.020716801325875285,0.8169247206403081,,0.7022276026062317,,0.6099035097020464,,0.6105397094687732,,0.8898889408224857,,,0.21188878235858102,,0.13827468078480223,,0.10812121212121212,,0.10827870842437484,,0.3438485804416404,-0.013583815028901713,0.013583815028901713,0.8575093809498884,0.08006287338537166,-0.00793010792551091,0.005364689762350328,0.7819428267244992,0.16140977443157006,-0.0040462427745665,0.0040462427745665,0.7273188344924406,0.226149373600045,-0.000867052023121373,0.000867052023121373,0.25523381977017606,0.25176561167769046,-0.00041441596411245785,0.003053792128373145,0.7683434960123465,0.0174764439892251,24.2152466367713,5.0
