slug,status,metrics_source,n_presencias,n_background,n_predictores,threshold_maxTSS,tss_at_maxTSS,threshold_p10,ens_auc_roc,ens_auc_pr,ens_tss,ens_f1,ens_brier_score,ens_calib_slope,ens_calib_intercept,ens_boyce_index,ens_or10,tss_ensemble_mean,tss_ensemble_std,auc_ensemble_mean,auc_ensemble_std,mess_mess_mean,mess_mess_min,mess_mess_pct_extrapolation,mess_n_mess_points,algo_sd_mean,algo_sd_median,binary_agreement_mean,binary_agreement_unanimous_pct,glm_tss,glm_auc_roc,gam_tss,gam_auc_roc,rf_tss,rf_auc_roc,gbm_tss,gbm_auc_roc,maxent_tss,maxent_auc_roc,glm_auc_pr,glm_f1,gam_auc_pr,gam_f1,rf_auc_pr,rf_f1,gbm_auc_pr,gbm_f1,maxent_auc_pr,maxent_f1,tss_glm_mean,tss_glm_std,auc_glm_mean,auc_glm_std,tss_gam_mean,tss_gam_std,auc_gam_mean,auc_gam_std,tss_rf_mean,tss_rf_std,auc_rf_mean,auc_rf_std,tss_gbm_mean,tss_gbm_std,auc_gbm_mean,auc_gbm_std,tss_maxent_mean,tss_maxent_std,auc_maxent_mean,auc_maxent_std,mess_mess_max,binary_agreement_max_possible
krameria_cistoidea,ok,spatial_cv_oof,223,9431,8,0.33871563267294424,0.019134492535588965,0.7842076049260305,,,0.019134492535588965,0.03861003861003861,,,,-0.4162634580195959,1.0,0.002886283134046208,0.010400734001098255,0.8478368714141022,0.11690301297896116,-20.811229459803762,-201.93927261649486,46.0638077480837,9654,0.09731912628037419,0.062353098056600234,0.09912989434431324,0.020716801325875285,0.7311437854266507,,0.7153448245529366,,0.6099035097020464,,0.7696647778792676,,0.8299097575831635,,,0.1526770293609672,,0.145203679369251,,0.10812121212121212,,0.17242718446601943,,0.3540753724802805,0.48198287038643883,0.4717743550470872,0.8713662728055762,0.09510771563373016,-0.0025362050199153607,0.0015100377546510835,0.8320322429631487,0.10669608073627324,-0.000867052023121373,0.000867052023121373,0.7409239184584181,0.23075238211961657,-0.000867052023121373,0.000867052023121373,0.6491701641079416,0.009863805726438746,0.2832334833521154,0.2843895527162773,0.7898698699886206,0.05637290457785332,24.2152466367713,5.0
