slug,status,metrics_source,n_presencias,n_background,n_predictores,threshold_maxTSS,tss_at_maxTSS,threshold_p10,ens_auc_roc,ens_auc_pr,ens_tss,ens_f1,ens_brier_score,ens_calib_slope,ens_calib_intercept,ens_boyce_index,ens_or10,tss_ensemble_mean,tss_ensemble_std,auc_ensemble_mean,auc_ensemble_std,mess_mess_mean,mess_mess_min,mess_mess_pct_extrapolation,mess_n_mess_points,algo_sd_mean,algo_sd_median,binary_agreement_mean,binary_agreement_unanimous_pct,glm_tss,glm_auc_roc,gam_tss,gam_auc_roc,rf_tss,rf_auc_roc,gbm_tss,gbm_auc_roc,maxent_tss,maxent_auc_roc,glm_auc_pr,glm_f1,gam_auc_pr,gam_f1,rf_auc_pr,rf_f1,gbm_auc_pr,gbm_f1,maxent_auc_pr,maxent_f1,tss_glm_mean,tss_glm_std,auc_glm_mean,auc_glm_std,tss_gam_mean,tss_gam_std,auc_gam_mean,auc_gam_std,tss_rf_mean,tss_rf_std,auc_rf_mean,auc_rf_std,tss_gbm_mean,tss_gbm_std,auc_gbm_mean,auc_gbm_std,tss_maxent_mean,tss_maxent_std,auc_maxent_mean,auc_maxent_std,mess_mess_max,binary_agreement_max_possible
nolana_divaricata,ok,spatial_cv_oof,45,9550,6,0.5656388070212867,0.8737987201861546,0.9315987908285854,0.9862315299592785,0.6593643304358571,0.8737987201861546,0.08133086876155268,0.06862217689608038,0.36767622495495483,-0.10428832194231666,0.7069178233953926,0.4888888888888889,0.9025594443535757,0.08530992868119844,0.9750217518919353,0.043361485100515046,-65.03511830981121,-521.6598841614071,54.12193850964043,9595,0.14048209240181195,0.020933400632250847,0.6654507556018759,1.0422094841063054,0.7864688772542174,0.9235788248981966,0.7523327515997673,0.8870692262943572,0.9484584060500292,0.9929563699825481,0.8966026759744037,0.9840116346713206,0.8225712623618384,0.9292937754508436,0.04911998168501729,0.04592901878914405,0.04312388163235711,0.039250669045495096,0.7835817883656554,0.23848238482384823,0.5777779135028696,0.13210445468509985,0.038359947179694674,0.06332842415316642,0.8251937925814319,0.1439067544268845,0.9244903881522992,0.06864744039882933,0.8049167511178343,0.1172978217496289,0.9274621826973318,0.06159877930948521,0.918223590612463,0.08838394486767881,0.9794982868330886,0.0384148531396992,0.8951803997439702,0.07416814025541242,0.9796744982868331,0.03848619737551795,0.8446806386977468,0.08633431603049949,0.9570476566261888,0.0462898305494449,97.77777777777777,5.0
