slug,status,metrics_source,n_presencias,n_background,n_predictores,threshold_maxTSS,tss_at_maxTSS,threshold_p10,ens_auc_roc,ens_auc_pr,ens_tss,ens_f1,ens_brier_score,ens_calib_slope,ens_calib_intercept,ens_boyce_index,ens_or10,tss_ensemble_mean,tss_ensemble_std,auc_ensemble_mean,auc_ensemble_std,mess_mess_mean,mess_mess_min,mess_mess_pct_extrapolation,mess_n_mess_points,algo_sd_mean,algo_sd_median,binary_agreement_mean,binary_agreement_unanimous_pct,glm_tss,glm_auc_roc,gam_tss,gam_auc_roc,rf_tss,rf_auc_roc,gbm_tss,gbm_auc_roc,maxent_tss,maxent_auc_roc,glm_auc_pr,glm_f1,gam_auc_pr,gam_f1,rf_auc_pr,rf_f1,gbm_auc_pr,gbm_f1,maxent_auc_pr,maxent_f1,tss_glm_mean,tss_glm_std,auc_glm_mean,auc_glm_std,tss_gam_mean,tss_gam_std,auc_gam_mean,auc_gam_std,tss_rf_mean,tss_rf_std,auc_rf_mean,auc_rf_std,tss_gbm_mean,tss_gbm_std,auc_gbm_mean,auc_gbm_std,tss_maxent_mean,tss_maxent_std,auc_maxent_mean,auc_maxent_std,mess_mess_max,binary_agreement_max_possible
skytanthus_acutus,ok,spatial_cv_oof,84,9436,4,0.30652805914915865,0.9594814186802316,0.9442013741635729,0.9877545973879167,0.8948466061089855,0.9796170693796808,0.6720647773279352,0.008145059524631935,0.9987305630699491,-0.25296736292627986,0.6537910329255829,0.2976190476190476,0.6426243681830274,0.40350954321809696,0.7874040805769004,0.2576121062695034,-36.38500869870722,-534.2413185940538,52.983193277310924,9520,0.05370219800202758,0.008600943065612368,0.2820378151260504,0.8718487394957983,0.9372968772078565,0.9836290599325783,0.9730111629221421,0.9863567088556491,0.9866115585700155,0.9910537657199379,0.931044227780133,0.9834953269141486,0.960505864066695,0.9937826762752578,0.5410915073806232,0.8186528497409327,0.8224647617105606,0.8367346938775511,0.9398194505100104,0.9171270718232044,0.860553976215855,0.27702702702702703,0.8250927645925454,0.5222929936305732,0.5613839902513538,0.4439518104868001,0.7105714832385425,0.301702045395605,0.5480321894120775,0.3695689426883082,0.7173792035399114,0.3040091704156154,0.6299316307528597,0.3938794540008504,0.830342562712762,0.22160041029794647,0.6868002742136821,0.3713328834978203,0.8095264907454073,0.24080415625209917,0.4478981111997872,0.432203812069302,0.7486814207388792,0.2524889795289679,7.14285714285714,5.0
