slug,status,metrics_source,n_presencias,n_background,n_predictores,threshold_maxTSS,tss_at_maxTSS,threshold_p10,ens_auc_roc,ens_auc_pr,ens_tss,ens_f1,ens_brier_score,ens_calib_slope,ens_calib_intercept,ens_boyce_index,ens_or10,tss_ensemble_mean,tss_ensemble_std,auc_ensemble_mean,auc_ensemble_std,mess_mess_mean,mess_mess_min,mess_mess_pct_extrapolation,mess_n_mess_points,algo_sd_mean,algo_sd_median,binary_agreement_mean,binary_agreement_unanimous_pct,glm_tss,glm_auc_roc,gam_tss,gam_auc_roc,rf_tss,rf_auc_roc,gbm_tss,gbm_auc_roc,maxent_tss,maxent_auc_roc,glm_auc_pr,glm_f1,gam_auc_pr,gam_f1,rf_auc_pr,rf_f1,gbm_auc_pr,gbm_f1,maxent_auc_pr,maxent_f1,tss_glm_mean,tss_glm_std,auc_glm_mean,auc_glm_std,tss_gam_mean,tss_gam_std,auc_gam_mean,auc_gam_std,tss_rf_mean,tss_rf_std,auc_rf_mean,auc_rf_std,tss_gbm_mean,tss_gbm_std,auc_gbm_mean,auc_gbm_std,tss_maxent_mean,tss_maxent_std,auc_maxent_mean,auc_maxent_std,mess_mess_max,binary_agreement_max_possible
cumulopuntia_sphaerica,ok,spatial_cv_oof,135,9656,7,0.28448907431995735,0.8001633986928103,0.5307008289189923,,,0.8001633986928103,0.48366013071895425,,,,0.9059445754981069,0.2740740740740741,0.4989356437943626,0.4407225722973002,0.7823173779970086,0.35765806012383694,4.380486673870261,-8.2888550032468,7.088142171381881,9791,0.04261492534384388,0.003179696706871394,0.16770503523644162,0.6740884485752221,0.8867953910828805,,0.8856508331031945,,0.842956212218847,,0.8274110896314708,,0.8044639295467797,,,0.24417520969245107,,0.2747603833865815,,0.3801916932907348,,0.4732510288065844,,0.45714285714285713,0.5929683795535519,0.3810842821866507,0.8340598479063213,0.26351206722839027,0.44319716386012364,0.3874214987295809,0.8330313517686909,0.2665253896853078,0.43150873827679265,0.39675435864951236,0.7576004853227489,0.30244807385521316,0.41654424714245225,0.4171857198624511,0.7958408424019635,0.21563850997765077,0.48834460215351316,0.44768645295586146,0.8177390335192383,0.2949851575576016,62.22222222222222,5.0
