slug,status,metrics_source,n_presencias,n_background,n_predictores,threshold_maxTSS,tss_at_maxTSS,threshold_p10,ens_auc_roc,ens_auc_pr,ens_tss,ens_f1,ens_brier_score,ens_calib_slope,ens_calib_intercept,ens_boyce_index,ens_or10,tss_ensemble_mean,tss_ensemble_std,auc_ensemble_mean,auc_ensemble_std,mess_mess_mean,mess_mess_min,mess_mess_pct_extrapolation,mess_n_mess_points,algo_sd_mean,algo_sd_median,binary_agreement_mean,binary_agreement_unanimous_pct,glm_tss,glm_auc_roc,gam_tss,gam_auc_roc,rf_tss,rf_auc_roc,gbm_tss,gbm_auc_roc,maxent_tss,maxent_auc_roc,glm_auc_pr,glm_f1,gam_auc_pr,gam_f1,rf_auc_pr,rf_f1,gbm_auc_pr,gbm_f1,maxent_auc_pr,maxent_f1,tss_glm_mean,tss_glm_std,auc_glm_mean,auc_glm_std,tss_gam_mean,tss_gam_std,auc_gam_mean,auc_gam_std,tss_rf_mean,tss_rf_std,auc_rf_mean,auc_rf_std,tss_gbm_mean,tss_gbm_std,auc_gbm_mean,auc_gbm_std,tss_maxent_mean,tss_maxent_std,auc_maxent_mean,auc_maxent_std,mess_mess_max,binary_agreement_max_possible
nolana_divaricata,ok,spatial_cv_oof,45,9550,6,0.6293244501000946,0.04433973240255962,0.9391871309499865,,,0.04433973240255962,0.08333333333333333,,,,0.6312691817249944,0.9777777777777777,0.26138947111599076,0.23813365716250234,0.9827443851797579,0.01582499965572126,-65.03511830981121,-521.6598841614071,54.12193850964043,9595,0.04820424760389478,0.0006238407799159574,0.01948931735278791,0.010422094841063054,0.9459453170447936,,0.9623851076207097,,0.9980104712041884,,0.9966492146596857,,0.9281442699243745,,,0.22391857506361323,,0.3728813559322034,,0.8256880733944955,,0.7377049180327869,,0.15630550621669628,0.48024976598187497,0.018796490575111235,0.9245291394457977,0.058291657328487345,0.28464528506947906,0.21487784320901404,0.7769118711078986,0.2063348563248753,0.25,0.25,0.9959757931237121,0.0033088992940275563,0.26138947111599076,0.23813365716250234,0.9966259619543381,0.0031356021849084925,0.550951330445292,0.051428202166798886,0.9668239928994495,0.026738238860207098,97.77777777777777,5.0
