slug,status,metrics_source,n_presencias,n_background,n_predictores,threshold_maxTSS,tss_at_maxTSS,threshold_p10,ens_auc_roc,ens_auc_pr,ens_tss,ens_f1,ens_brier_score,ens_calib_slope,ens_calib_intercept,ens_boyce_index,ens_or10,tss_ensemble_mean,tss_ensemble_std,auc_ensemble_mean,auc_ensemble_std,mess_mess_mean,mess_mess_min,mess_mess_pct_extrapolation,mess_n_mess_points,algo_sd_mean,algo_sd_median,binary_agreement_mean,binary_agreement_unanimous_pct,glm_tss,glm_auc_roc,gam_tss,gam_auc_roc,rf_tss,rf_auc_roc,gbm_tss,gbm_auc_roc,maxent_tss,maxent_auc_roc,glm_auc_pr,glm_f1,gam_auc_pr,gam_f1,rf_auc_pr,rf_f1,gbm_auc_pr,gbm_f1,maxent_auc_pr,maxent_f1,tss_glm_mean,tss_glm_std,auc_glm_mean,auc_glm_std,tss_gam_mean,tss_gam_std,auc_gam_mean,auc_gam_std,tss_rf_mean,tss_rf_std,auc_rf_mean,auc_rf_std,tss_gbm_mean,tss_gbm_std,auc_gbm_mean,auc_gbm_std,tss_maxent_mean,tss_maxent_std,auc_maxent_mean,auc_maxent_std,mess_mess_max,binary_agreement_max_possible
pleurophora_pungens,ok,spatial_cv_oof,56,9439,5,0.24477941470942569,0.6487426785525101,0.38008030729473896,,,0.6487426785525101,0.3592233009708738,,,,0.7137447239013114,0.375,0.529727980107212,0.2682657191134813,0.8793881184764389,0.049263846371845055,1.571390529001986,-45.46889757463658,28.08846761453396,9495,0.05587423144276462,0.0006194549589063561,0.1072143233280674,0.2738283307003686,0.7675847169040304,,0.7765899081319145,,0.685692340290285,,0.696498569763746,,0.6905392520394109,,,0.06995884773662552,,0.07428987618353969,,0.11914893617021277,,0.13930348258706468,,0.036927134849983514,0.5986164749420854,0.0012362726539075775,0.8334028752947606,0.004485614475659372,0.48158614488522156,0.2192760670199353,0.8960704861817166,0.04062326278197098,0.5452607766398082,0.2833746072102997,0.7990819351092143,0.1336572457894759,0.3619086474268909,0.25664548953215416,0.7507383492111221,0.21600016844764092,0.4948592339251817,0.23254915605989546,0.8152377660424598,0.08259012319647241,28.57142857142857,5.0
