slug,status,metrics_source,n_presencias,n_background,n_predictores,threshold_maxTSS,tss_at_maxTSS,threshold_p10,ens_auc_roc,ens_auc_pr,ens_tss,ens_f1,ens_brier_score,ens_calib_slope,ens_calib_intercept,ens_boyce_index,ens_or10,tss_ensemble_mean,tss_ensemble_std,auc_ensemble_mean,auc_ensemble_std,mess_mess_mean,mess_mess_min,mess_mess_pct_extrapolation,mess_n_mess_points,algo_sd_mean,algo_sd_median,binary_agreement_mean,binary_agreement_unanimous_pct,glm_tss,glm_auc_roc,gam_tss,gam_auc_roc,rf_tss,rf_auc_roc,gbm_tss,gbm_auc_roc,maxent_tss,maxent_auc_roc,glm_auc_pr,glm_f1,gam_auc_pr,gam_f1,rf_auc_pr,rf_f1,gbm_auc_pr,gbm_f1,maxent_auc_pr,maxent_f1,tss_glm_mean,tss_glm_std,auc_glm_mean,auc_glm_std,tss_gam_mean,tss_gam_std,auc_gam_mean,auc_gam_std,tss_rf_mean,tss_rf_std,auc_rf_mean,auc_rf_std,tss_gbm_mean,tss_gbm_std,auc_gbm_mean,auc_gbm_std,tss_maxent_mean,tss_maxent_std,auc_maxent_mean,auc_maxent_std,mess_mess_max,binary_agreement_max_possible
encelia_canescens,ok,spatial_cv_oof,271,9437,8,0.3186856507647776,0.9428292576875117,0.7527867620714345,,,0.9428292576875117,0.8862068965517241,,,,0.8873838711464671,0.2767527675276753,0.8976441943327074,0.11232447484552038,0.9965349583830272,0.0035267875937010093,-15.397840066286282,-137.11052010828848,39.74042027194067,9708,0.020890573060435992,0.00032942883534009375,0.16522455706633704,1.9777503090234856,0.9716574510240177,,0.95622397042027,,0.9814063118908183,,0.9697688340664268,,0.916057428032159,,,0.7635327635327636,,0.6855670103092784,,0.8786885245901639,,0.7807017543859649,,0.6701708278580815,0.9492421719401003,0.02453150377578542,0.9933174894477002,0.007554351072849376,0.733944047957171,0.2565830221816476,0.9959781944120008,0.003369575644638736,0.9552590002705024,0.047640206775648626,0.9968120060917619,0.003543110187116187,0.7420390253228994,0.2843930039473715,0.9931452586151557,0.005020576322488727,0.351725305324397,0.36909925399253724,0.9840146226320627,0.01553777150455917,33.94833948339483,5.0
