slug,status,metrics_source,n_presencias,n_background,n_predictores,threshold_maxTSS,tss_at_maxTSS,threshold_p10,ens_auc_roc,ens_auc_pr,ens_tss,ens_f1,ens_brier_score,ens_calib_slope,ens_calib_intercept,ens_boyce_index,ens_or10,tss_ensemble_mean,tss_ensemble_std,auc_ensemble_mean,auc_ensemble_std,mess_mess_mean,mess_mess_min,mess_mess_pct_extrapolation,mess_n_mess_points,algo_sd_mean,algo_sd_median,binary_agreement_mean,binary_agreement_unanimous_pct,glm_tss,glm_auc_roc,gam_tss,gam_auc_roc,rf_tss,rf_auc_roc,gbm_tss,gbm_auc_roc,maxent_tss,maxent_auc_roc,glm_auc_pr,glm_f1,gam_auc_pr,gam_f1,rf_auc_pr,rf_f1,gbm_auc_pr,gbm_f1,maxent_auc_pr,maxent_f1,tss_glm_mean,tss_glm_std,auc_glm_mean,auc_glm_std,tss_gam_mean,tss_gam_std,auc_gam_mean,auc_gam_std,tss_rf_mean,tss_rf_std,auc_rf_mean,auc_rf_std,tss_gbm_mean,tss_gbm_std,auc_gbm_mean,auc_gbm_std,tss_maxent_mean,tss_maxent_std,auc_maxent_mean,auc_maxent_std,mess_mess_max,binary_agreement_max_possible
nolana_divaricata,ok,spatial_cv_oof,64,18769,7,0.4840810439651715,0.11849992008098464,0.5863621225542766,0.9293162095742981,0.0565894883889477,0.11849992008098464,0.08247422680412371,0.040079409648821264,0.13976515664528447,-0.018565078570582795,0.7669649888473704,0.953125,0.10389929025993253,0.14759007712071812,0.7364763379426569,0.21696402724684988,-141.78770880002708,-699.2311922599537,74.87920140179473,18833,0.2686251246011178,0.4363411844314794,0.7063664843625551,0.0,0.40085962890937177,0.4927373594757313,0.8623653031594651,0.9567188582236668,0.4729007938622196,0.7939800169161916,0.4716329119825242,0.8028993120304757,0.8469675728595023,0.9397123414939529,0.003289389540147619,0.011372867587327376,0.040351110524437094,0.05213074058750517,0.034197901752381056,0.014608060519107865,0.03812845672904558,0.015569917743830788,0.03025211230810667,0.04656319290465632,0.27264305623317775,0.4733213751739424,0.7562500862008431,0.22995105774741637,-0.0018648018648018683,0.003729603729603736,0.892401159470983,0.06342613280880567,0.03407325773933456,0.07386823700045686,0.7382916798642849,0.08772009895981803,0.051336324286141786,0.0790505931212474,0.7746992498828806,0.14331689979734394,0.4587970980550072,0.2396686394385975,0.8715421477554874,0.09260432967911755,96.2408367409517,5.0
