slug,status,metrics_source,n_presencias,n_background,n_predictores,threshold_maxTSS,tss_at_maxTSS,threshold_p10,ens_auc_roc,ens_auc_pr,ens_tss,ens_f1,ens_brier_score,ens_calib_slope,ens_calib_intercept,ens_boyce_index,ens_or10,tss_ensemble_mean,tss_ensemble_std,auc_ensemble_mean,auc_ensemble_std,mess_mess_mean,mess_mess_min,mess_mess_pct_extrapolation,mess_n_mess_points,algo_sd_mean,algo_sd_median,binary_agreement_mean,binary_agreement_unanimous_pct,glm_tss,glm_auc_roc,gam_tss,gam_auc_roc,rf_tss,rf_auc_roc,gbm_tss,gbm_auc_roc,maxent_tss,maxent_auc_roc,glm_auc_pr,glm_f1,gam_auc_pr,gam_f1,rf_auc_pr,rf_f1,gbm_auc_pr,gbm_f1,maxent_auc_pr,maxent_f1,tss_glm_mean,tss_glm_std,auc_glm_mean,auc_glm_std,tss_gam_mean,tss_gam_std,auc_gam_mean,auc_gam_std,tss_rf_mean,tss_rf_std,auc_rf_mean,auc_rf_std,tss_gbm_mean,tss_gbm_std,auc_gbm_mean,auc_gbm_std,tss_maxent_mean,tss_maxent_std,auc_maxent_mean,auc_maxent_std,mess_mess_max,binary_agreement_max_possible
skytanthus_acutus,ok,spatial_cv_oof,84,9436,4,0.3463498178514634,0.963614525929066,0.9469726807242465,0.987688992510951,0.8944033193074113,0.963614525929066,0.41708542713567837,0.008828662607663018,0.9359407526476822,-0.19768847134519385,0.6269699498689603,0.2976190476190476,0.6434958765629156,0.4042208395984097,0.7542613521573651,0.3159709401320673,-36.38500869870722,-534.2413185940538,52.983193277310924,9520,0.05370228669250227,0.008600943775421647,0.2618697478991597,0.8718487394957983,0.9372968772078565,0.9836290599325783,0.9730111629221421,0.9863567088556491,0.9866115585700155,0.9910537657199379,0.931044227780133,0.9834953269141486,0.960505864066695,0.9937650134237671,0.5410915073806232,0.8186528497409327,0.8224647617105606,0.8367346938775511,0.9398194505100104,0.9171270718232044,0.860553976215855,0.27702702702702703,0.8247624478192895,0.5222929936305732,0.5137973980725827,0.4148945529585894,0.7105714832385425,0.301702045395605,0.49827799946794366,0.389239422493173,0.7173792035399114,0.3040091704156154,0.6299316307528597,0.3938794540008504,0.830342562712762,0.22160041029794647,0.6882974809175926,0.37234420342250824,0.8095264907454073,0.24080415625209917,0.44798749667464755,0.4321105607042641,0.7486311414092703,0.2524523226957716,7.14285714285714,5.0
