slug,status,metrics_source,n_presencias,n_background,n_predictores,threshold_maxTSS,tss_at_maxTSS,threshold_p10,ens_auc_roc,ens_auc_pr,ens_tss,ens_f1,ens_brier_score,ens_calib_slope,ens_calib_intercept,ens_boyce_index,ens_or10,tss_ensemble_mean,tss_ensemble_std,auc_ensemble_mean,auc_ensemble_std,mess_mess_mean,mess_mess_min,mess_mess_pct_extrapolation,mess_n_mess_points,algo_sd_mean,algo_sd_median,binary_agreement_mean,binary_agreement_unanimous_pct,glm_tss,glm_auc_roc,gam_tss,gam_auc_roc,rf_tss,rf_auc_roc,gbm_tss,gbm_auc_roc,maxent_tss,maxent_auc_roc,glm_auc_pr,glm_f1,gam_auc_pr,gam_f1,rf_auc_pr,rf_f1,gbm_auc_pr,gbm_f1,maxent_auc_pr,maxent_f1,tss_glm_mean,tss_glm_std,auc_glm_mean,auc_glm_std,tss_gam_mean,tss_gam_std,auc_gam_mean,auc_gam_std,tss_rf_mean,tss_rf_std,auc_rf_mean,auc_rf_std,tss_gbm_mean,tss_gbm_std,auc_gbm_mean,auc_gbm_std,tss_maxent_mean,tss_maxent_std,auc_maxent_mean,auc_maxent_std,mess_mess_max,binary_agreement_max_possible
nolana_sedifolia,ok,spatial_cv_oof,37,9472,7,0.3565161863777315,0.10747466216216228,0.7688301169628113,,,0.10747466216216228,0.1702127659574468,,,,0.26915058920175045,0.918918918918919,0.5397820096642957,0.45958347256920684,0.8700104493207942,0.1299895506792058,0.9306407873214408,-276.44205167935195,11.084235986959722,9509,0.06089191066868239,0.02653549426649597,0.046797770533179094,0.03154905878641287,0.7160050675675675,,0.6879222972972974,,0.6652238175675675,,0.7374366554054053,,0.8074324324324325,,,0.028719585161547666,,0.02442244224422442,,0.02280431432973806,,0.02889496290511519,,0.05057803468208093,0.5202919930974368,0.38516485969444125,0.8317664214347218,0.1580812943013188,0.5410397074190177,0.45896029258098225,0.7369383490073145,0.26306165099268547,0.5413494077834179,0.45801607445008463,0.8394679554162313,0.16053204458376868,0.527460518894529,0.47190496333897347,0.8681905259491466,0.13180947405085341,0.6290154299868985,0.3697155344801065,0.858725182863114,0.1412748171368861,27.027027027027028,5.0
