slug,status,metrics_source,n_presencias,n_background,n_predictores,threshold_maxTSS,tss_at_maxTSS,threshold_p10,ens_auc_roc,ens_auc_pr,ens_tss,ens_f1,ens_brier_score,ens_calib_slope,ens_calib_intercept,ens_boyce_index,ens_or10,tss_ensemble_mean,tss_ensemble_std,auc_ensemble_mean,auc_ensemble_std,mess_mess_mean,mess_mess_min,mess_mess_pct_extrapolation,mess_n_mess_points,algo_sd_mean,algo_sd_median,binary_agreement_mean,binary_agreement_unanimous_pct,glm_tss,glm_auc_roc,gam_tss,gam_auc_roc,rf_tss,rf_auc_roc,gbm_tss,gbm_auc_roc,maxent_tss,maxent_auc_roc,glm_auc_pr,glm_f1,gam_auc_pr,gam_f1,rf_auc_pr,rf_f1,gbm_auc_pr,gbm_f1,maxent_auc_pr,maxent_f1,tss_glm_mean,tss_glm_std,auc_glm_mean,auc_glm_std,tss_gam_mean,tss_gam_std,auc_gam_mean,auc_gam_std,tss_rf_mean,tss_rf_std,auc_rf_mean,auc_rf_std,tss_gbm_mean,tss_gbm_std,auc_gbm_mean,auc_gbm_std,tss_maxent_mean,tss_maxent_std,auc_maxent_mean,auc_maxent_std,mess_mess_max,binary_agreement_max_possible
senna_cumingii,ok,spatial_cv_oof,92,9423,7,0.31593461082735264,0.47783637630404785,0.5942121987726774,,,0.47783637630404785,0.6285714285714286,,,,0.3629010034634589,0.8260869565217391,0.5017423156553591,0.2817423156553591,0.9910584533971758,0.006313739627191228,-50.130715494084235,-382.42171255080495,46.83131897004729,9515,0.007277606774186522,3.7873447882045567e-05,0.021965317919075144,0.19968470835522856,0.9617667686373306,,0.8094671225355166,,0.8159441053112413,,0.8327404269848522,,0.8323124731807927,,,0.7606837606837606,,0.14583333333333334,,0.4196185286103542,,0.30828516377649323,,0.13953488372093023,0.5852937618547414,0.030966789188418442,0.9891222206698583,0.004294990138656751,0.4917423156553591,0.29174231565535913,0.9628897252488524,0.018237842835237272,0.24936136327440672,0.12936136327440662,0.9221459748068601,0.07540538687493636,0.16983755375059728,0.08983755375059721,0.8958257564563482,0.0941341628513972,0.47308966395922925,0.3330896639592291,0.9712189572753063,0.023936853097895342,34.78260869565217,5.0
