slug,status,metrics_source,n_presencias,n_background,n_predictores,threshold_maxTSS,tss_at_maxTSS,threshold_p10,ens_auc_roc,ens_auc_pr,ens_tss,ens_f1,ens_brier_score,ens_calib_slope,ens_calib_intercept,ens_boyce_index,ens_or10,tss_ensemble_mean,tss_ensemble_std,auc_ensemble_mean,auc_ensemble_std,mess_mess_mean,mess_mess_min,mess_mess_pct_extrapolation,mess_n_mess_points,algo_sd_mean,algo_sd_median,binary_agreement_mean,binary_agreement_unanimous_pct,glm_tss,glm_auc_roc,gam_tss,gam_auc_roc,rf_tss,rf_auc_roc,gbm_tss,gbm_auc_roc,maxent_tss,maxent_auc_roc,glm_auc_pr,glm_f1,gam_auc_pr,gam_f1,rf_auc_pr,rf_f1,gbm_auc_pr,gbm_f1,maxent_auc_pr,maxent_f1,tss_glm_mean,tss_glm_std,auc_glm_mean,auc_glm_std,tss_gam_mean,tss_gam_std,auc_gam_mean,auc_gam_std,tss_rf_mean,tss_rf_std,auc_rf_mean,auc_rf_std,tss_gbm_mean,tss_gbm_std,auc_gbm_mean,auc_gbm_std,tss_maxent_mean,tss_maxent_std,auc_maxent_mean,auc_maxent_std,mess_mess_max,binary_agreement_max_possible
schinus_areira,ok,spatial_cv_oof,1309,19295,8,0.3431197052444542,0.7596955001463943,0.4889122020042925,0.9788537743067263,0.7622243242637939,0.7596955001463943,0.7576208178438661,0.025620262091283423,1.1449202664658549,0.024055066799077873,0.977296181630547,0.40718105423987777,0.7446286625633588,0.2588160861444394,0.9781136134412419,0.022163863600143607,-52.2961378021081,-214.56925442108047,56.89186565715395,20604,0.03863817443636182,0.003899727603414502,0.29668996311395845,1.30071830712483,0.6867407275284965,0.8896581384562118,0.8416755568867516,0.9700304527568525,0.8826746717910232,0.9826809274441243,0.8857849587572313,0.9836454462111826,0.8078938423587296,0.9641004103589657,0.3499670508770078,0.42066563467492263,0.6457678410164308,0.6202235508188199,0.7930183338654219,0.6093674553355867,0.7898265285274231,0.6754170084768937,0.6534581055127164,0.5207203297895422,0.31891262892867733,0.24470354026181879,0.8994103536963873,0.10134335606976504,0.6955574924452846,0.2319045823354465,0.9721218857117734,0.022926465817568863,0.6436460991920487,0.27976661700525873,0.9811581182761426,0.018027116790510396,0.7729785192614742,0.23977572319541132,0.98305230005693,0.014929464878195228,0.6149189452142735,0.2751789512720111,0.9677838079858242,0.03080294125197533,54.85103132161956,5.0
