slug,status,metrics_source,n_presencias,n_background,n_predictores,threshold_maxTSS,tss_at_maxTSS,threshold_p10,ens_auc_roc,ens_auc_pr,ens_tss,ens_f1,ens_brier_score,ens_calib_slope,ens_calib_intercept,ens_boyce_index,ens_or10,tss_ensemble_mean,tss_ensemble_std,auc_ensemble_mean,auc_ensemble_std,mess_mess_mean,mess_mess_min,mess_mess_pct_extrapolation,mess_n_mess_points,algo_sd_mean,algo_sd_median,binary_agreement_mean,binary_agreement_unanimous_pct,glm_tss,glm_auc_roc,gam_tss,gam_auc_roc,rf_tss,rf_auc_roc,gbm_tss,gbm_auc_roc,maxent_tss,maxent_auc_roc,glm_auc_pr,glm_f1,gam_auc_pr,gam_f1,rf_auc_pr,rf_f1,gbm_auc_pr,gbm_f1,maxent_auc_pr,maxent_f1,tss_glm_mean,tss_glm_std,auc_glm_mean,auc_glm_std,tss_gam_mean,tss_gam_std,auc_gam_mean,auc_gam_std,tss_rf_mean,tss_rf_std,auc_rf_mean,auc_rf_std,tss_gbm_mean,tss_gbm_std,auc_gbm_mean,auc_gbm_std,tss_maxent_mean,tss_maxent_std,auc_maxent_mean,auc_maxent_std,mess_mess_max,binary_agreement_max_possible
senna_cumingii,ok,spatial_cv_oof,92,9423,7,0.30717009510256976,0.5208901439124436,0.7688727308357844,,,0.5208901439124436,0.6486486486486487,,,,0.7862102487039277,0.6739130434782609,0.5425530922799797,0.26306882203758675,0.9911338503663099,0.0030265785767276676,-50.130715494084235,-382.42171255080495,46.83131897004729,9515,0.01631339907600321,5.7517190998413224e-05,0.03836048344718865,0.3468208092485549,0.9531707800986484,,0.7400301759340007,,0.8095605571935458,,0.8117118613568097,,0.9312482408906977,,,0.5650793650793651,,0.07927927927927927,,0.24921135646687698,,0.1774891774891775,,0.288,0.886208673344131,0.019350893442872774,0.9856857586334906,0.0032721433678897798,0.49146360885491325,0.2914636088549133,0.9561994693598836,0.021676519385670223,0.4578724106427764,0.1583881404003834,0.9273691639984216,0.07005611603555412,0.33622551361681796,0.2562255136168179,0.931629003158198,0.0655640212087395,0.5322743854795338,0.2727901152371408,0.9801501116647875,0.0019861096018685687,34.78260869565217,5.0
