slug,status,metrics_source,n_presencias,n_background,n_predictores,threshold_maxTSS,tss_at_maxTSS,threshold_p10,ens_auc_roc,ens_auc_pr,ens_tss,ens_f1,ens_brier_score,ens_calib_slope,ens_calib_intercept,ens_boyce_index,ens_or10,tss_ensemble_mean,tss_ensemble_std,auc_ensemble_mean,auc_ensemble_std,mess_mess_mean,mess_mess_min,mess_mess_pct_extrapolation,mess_n_mess_points,algo_sd_mean,algo_sd_median,binary_agreement_mean,binary_agreement_unanimous_pct,glm_tss,glm_auc_roc,gam_tss,gam_auc_roc,rf_tss,rf_auc_roc,gbm_tss,gbm_auc_roc,maxent_tss,maxent_auc_roc,glm_auc_pr,glm_f1,gam_auc_pr,gam_f1,rf_auc_pr,rf_f1,gbm_auc_pr,gbm_f1,maxent_auc_pr,maxent_f1,tss_glm_mean,tss_glm_std,auc_glm_mean,auc_glm_std,tss_gam_mean,tss_gam_std,auc_gam_mean,auc_gam_std,tss_rf_mean,tss_rf_std,auc_rf_mean,auc_rf_std,tss_gbm_mean,tss_gbm_std,auc_gbm_mean,auc_gbm_std,tss_maxent_mean,tss_maxent_std,auc_maxent_mean,auc_maxent_std,mess_mess_max,binary_agreement_max_possible
neltuma_chilensis,ok,spatial_cv_oof,184,9529,8,0.4205892052966197,0.11778118968640361,0.45693412668892835,,,0.11778118968640361,0.19730941704035873,,,,0.1633554526132097,0.8913043478260869,0.08447086268403159,0.0606562617187571,0.8110429229775566,0.16014073514358473,3.4765622370285847,-50.817367472618855,22.711829506846495,9713,0.030704951762761366,0.004681572940779051,0.035107587768969425,0.0,0.5805145163277319,,0.6756052462277624,,0.7483243371492971,,0.673887948459394,,0.7028584367172064,,,0.10680272108843537,,0.1952191235059761,,0.2822655524605385,,0.21114369501466276,,0.33737864077669905,-0.00024450089449375617,0.0064162953553672745,0.757958899741813,0.09440372450873237,0.02479048441616653,0.025223582673687323,0.7955292361882765,0.16735677014995645,0.011535927442714736,0.008664127391941416,0.8297014238972312,0.1305947492813492,0.08067494482532689,0.05857825874517287,0.8475636763570856,0.09337138312060023,0.4088593971938321,0.30773823568473474,0.774763617161902,0.19075787131146832,52.17391304347826,5.0
