slug,status,metrics_source,n_presencias,n_background,n_predictores,threshold_maxTSS,tss_at_maxTSS,threshold_p10,ens_auc_roc,ens_auc_pr,ens_tss,ens_f1,ens_brier_score,ens_calib_slope,ens_calib_intercept,ens_boyce_index,ens_or10,tss_ensemble_mean,tss_ensemble_std,auc_ensemble_mean,auc_ensemble_std,mess_mess_mean,mess_mess_min,mess_mess_pct_extrapolation,mess_n_mess_points,algo_sd_mean,algo_sd_median,binary_agreement_mean,binary_agreement_unanimous_pct,glm_tss,glm_auc_roc,gam_tss,gam_auc_roc,rf_tss,rf_auc_roc,gbm_tss,gbm_auc_roc,maxent_tss,maxent_auc_roc,glm_auc_pr,glm_f1,gam_auc_pr,gam_f1,rf_auc_pr,rf_f1,gbm_auc_pr,gbm_f1,maxent_auc_pr,maxent_f1,tss_glm_mean,tss_glm_std,auc_glm_mean,auc_glm_std,tss_gam_mean,tss_gam_std,auc_gam_mean,auc_gam_std,tss_rf_mean,tss_rf_std,auc_rf_mean,auc_rf_std,tss_gbm_mean,tss_gbm_std,auc_gbm_mean,auc_gbm_std,tss_maxent_mean,tss_maxent_std,auc_maxent_mean,auc_maxent_std,mess_mess_max,binary_agreement_max_possible
neltuma_chilensis,ok,spatial_cv_oof,184,19350,8,0.3263607528184004,0.11837658690034836,0.348948103569459,,,0.11837658690034836,0.19213973799126638,,,,0.43082377802808297,0.8967391304347826,0.08170358909483418,0.05925929986094008,0.9130685943275082,0.06534287257465346,-51.5045935293605,-238.95593129672113,54.054469130746384,19534,0.01799526494365388,0.0012130492421064884,0.025545203235384457,0.0,0.7524379283226603,,0.8146253229974159,,0.7844405123019884,,0.7381451522300866,,0.8038012582855858,,,0.07359482410028306,,0.09304677623261694,,0.1687002652519894,,0.1368888888888889,,0.13141524105754276,0.0,0.0,0.8694307897476136,0.02269375447688031,-0.002297172781917989,0.0019107188734120556,0.9001428453374514,0.08754760380577738,0.04759618312845278,0.03413862617500113,0.8791996902357444,0.08527281093769713,0.09403765864657691,0.06786391373749823,0.8845003996509829,0.07604171115097033,0.44138681685914616,0.32292152198356067,0.8536144512593414,0.14336167636149846,52.17391304347826,5.0
