slug,status,metrics_source,n_presencias,n_background,n_predictores,threshold_maxTSS,tss_at_maxTSS,threshold_p10,ens_auc_roc,ens_auc_pr,ens_tss,ens_f1,ens_brier_score,ens_calib_slope,ens_calib_intercept,ens_boyce_index,ens_or10,tss_ensemble_mean,tss_ensemble_std,auc_ensemble_mean,auc_ensemble_std,mess_mess_mean,mess_mess_min,mess_mess_pct_extrapolation,mess_n_mess_points,algo_sd_mean,algo_sd_median,binary_agreement_mean,binary_agreement_unanimous_pct,glm_tss,glm_auc_roc,gam_tss,gam_auc_roc,rf_tss,rf_auc_roc,gbm_tss,gbm_auc_roc,maxent_tss,maxent_auc_roc,glm_auc_pr,glm_f1,gam_auc_pr,gam_f1,rf_auc_pr,rf_f1,gbm_auc_pr,gbm_f1,maxent_auc_pr,maxent_f1,tss_glm_mean,tss_glm_std,auc_glm_mean,auc_glm_std,tss_gam_mean,tss_gam_std,auc_gam_mean,auc_gam_std,tss_rf_mean,tss_rf_std,auc_rf_mean,auc_rf_std,tss_gbm_mean,tss_gbm_std,auc_gbm_mean,auc_gbm_std,tss_maxent_mean,tss_maxent_std,auc_maxent_mean,auc_maxent_std,mess_mess_max,binary_agreement_max_possible
schinus_areira,ok,spatial_cv_oof,72,18765,7,0.33535746467594274,0.38384625632827074,0.49440994875358235,0.8027022826183499,0.016729295063733402,0.4920130562216891,0.019819193324061197,0.036022072292150084,0.05726212063721837,-0.004631090343582401,0.9757575757575757,1.0,0.25557309503131515,0.2459132345646946,0.8086401831550567,0.08376536397542626,5.548037707725137,-40.54590109396452,2.771141901576684,18837,0.21301010440473225,0.19368935055972825,0.7924297924297924,0.0,0.5245337063682387,0.8222088995470291,0.5465361044497734,0.7744027000621725,0.4944511057820411,0.7593754625928885,0.5495137223554489,0.7863457382242354,0.36653343991473486,0.7244915178967937,0.03137894702459592,0.02082965578111209,0.013945714411230128,0.017220172201722016,0.01328296920166705,0.030420711974110032,0.019927767357907702,0.024395463299807404,0.011203002780304543,0.021863897239682975,0.3782593666136972,0.13522452509450414,0.8006164858708331,0.08982229007894026,0.0,0.0,0.8310252213054146,0.09348081962946815,0.0,0.0,0.7674451242016593,0.1343475070393099,-0.00043057050592034687,0.0008611410118406936,0.7855717681976863,0.14572420066003755,0.32001478838113384,0.14863261172481151,0.7875730692784537,0.07495323828559516,52.77777777777778,5.0
