slug,status,metrics_source,n_presencias,n_background,n_predictores,threshold_maxTSS,tss_at_maxTSS,threshold_p10,ens_auc_roc,ens_auc_pr,ens_tss,ens_f1,ens_brier_score,ens_calib_slope,ens_calib_intercept,ens_boyce_index,ens_or10,tss_ensemble_mean,tss_ensemble_std,auc_ensemble_mean,auc_ensemble_std,mess_mess_mean,mess_mess_min,mess_mess_pct_extrapolation,mess_n_mess_points,algo_sd_mean,algo_sd_median,binary_agreement_mean,binary_agreement_unanimous_pct,glm_tss,glm_auc_roc,gam_tss,gam_auc_roc,rf_tss,rf_auc_roc,gbm_tss,gbm_auc_roc,maxent_tss,maxent_auc_roc,glm_auc_pr,glm_f1,gam_auc_pr,gam_f1,rf_auc_pr,rf_f1,gbm_auc_pr,gbm_f1,maxent_auc_pr,maxent_f1,tss_glm_mean,tss_glm_std,auc_glm_mean,auc_glm_std,tss_gam_mean,tss_gam_std,auc_gam_mean,auc_gam_std,tss_rf_mean,tss_rf_std,auc_rf_mean,auc_rf_std,tss_gbm_mean,tss_gbm_std,auc_gbm_mean,auc_gbm_std,tss_maxent_mean,tss_maxent_std,auc_maxent_mean,auc_maxent_std,mess_mess_max,binary_agreement_max_possible
miqueliopuntia_miquelii,ok,spatial_cv_oof,129,19329,7,0.3213328890478862,0.9300256152040494,0.8451799134548993,,,0.9300256152040494,0.9486166007905138,,,,0.6773383339152894,0.5503875968992248,0.8588356256742179,0.1400856256742179,0.994870787365232,0.004598179149075399,-267.4296936045813,-761.1043738564665,89.1715489772844,19458,0.005722457627184274,3.92151504580177e-06,0.030784253263439202,0.4214204954260458,0.9393825640951601,,0.9300256152040494,,0.9814437157325959,,0.9580591640227301,,0.9290426362604931,,,0.225177304964539,,0.9486166007905138,,0.8063492063492064,,0.33116036505867014,,0.8823529411764706,0.8531386007780589,0.13466431073118834,0.9916343590193402,0.007642768172910597,0.8585629271162076,0.14008863706933705,0.965356409728295,0.034098655385863375,0.6893243850020574,0.0919256149979426,0.9839271584603976,0.015539027773879943,0.8177595947463828,0.06775959474638282,0.9797678935994145,0.017298910969141545,0.8557342233009708,0.13698422330097082,0.9897302224952553,0.009460716016071513,9.30232558139535,5.0
