slug,status,metrics_source,n_presencias,n_background,n_predictores,threshold_maxTSS,tss_at_maxTSS,threshold_p10,ens_auc_roc,ens_auc_pr,ens_tss,ens_f1,ens_brier_score,ens_calib_slope,ens_calib_intercept,ens_boyce_index,ens_or10,tss_ensemble_mean,tss_ensemble_std,auc_ensemble_mean,auc_ensemble_std,mess_mess_mean,mess_mess_min,mess_mess_pct_extrapolation,mess_n_mess_points,algo_sd_mean,algo_sd_median,binary_agreement_mean,binary_agreement_unanimous_pct,glm_tss,glm_auc_roc,gam_tss,gam_auc_roc,rf_tss,rf_auc_roc,gbm_tss,gbm_auc_roc,maxent_tss,maxent_auc_roc,glm_auc_pr,glm_f1,gam_auc_pr,gam_f1,rf_auc_pr,rf_f1,gbm_auc_pr,gbm_f1,maxent_auc_pr,maxent_f1,tss_glm_mean,tss_glm_std,auc_glm_mean,auc_glm_std,tss_gam_mean,tss_gam_std,auc_gam_mean,auc_gam_std,tss_rf_mean,tss_rf_std,auc_rf_mean,auc_rf_std,tss_gbm_mean,tss_gbm_std,auc_gbm_mean,auc_gbm_std,tss_maxent_mean,tss_maxent_std,auc_maxent_mean,auc_maxent_std,mess_mess_max,binary_agreement_max_possible
schinus_areira,ok,spatial_cv_oof,1309,9435,8,0.37121181931379166,0.10164557223380744,0.5781261137544124,0.842980984849497,0.34007476336871734,0.6164061693473459,0.4648539778449144,0.09472447296993593,-0.13553214799843993,0.31983892671117453,-0.30462582071531746,0.970970206264324,0.2570940405131207,0.221434000041688,0.8282491340465116,0.18682313964511355,-2.9687963784400773,-91.13175526010984,19.015264333581534,10744,0.11464359937142196,0.07164629214367112,0.5040022338049144,1.1820551005212212,0.5806068864892393,0.7986370498481226,0.627525309878251,0.8386880116983924,0.5743989979284096,0.8361487852837334,0.4352899882311647,0.7852951095165629,0.6725331901802489,0.8668190502100536,0.2683200120572271,0.450274557657108,0.29930737190538514,0.46954773869346733,0.3221448624874566,0.4089783792705067,0.2861571472761184,0.35713097021134965,0.38239520900416457,0.5371920593159532,0.5361487981099359,0.3503653592747217,0.7834336802811052,0.20684128004315286,0.2939660730001775,0.2699036099373693,0.8303864888419016,0.15655668246070012,0.24429630581700015,0.2399377519297395,0.8253724508943145,0.1427766140022046,0.19849330860812814,0.2356350524653108,0.8635639932146416,0.10710606249271594,0.20065458496067134,0.1896363176812266,0.8404086067289576,0.1565707698799505,54.85103132161956,5.0
