slug,status,metrics_source,n_presencias,n_background,n_predictores,threshold_maxTSS,tss_at_maxTSS,threshold_p10,ens_auc_roc,ens_auc_pr,ens_tss,ens_f1,ens_brier_score,ens_calib_slope,ens_calib_intercept,ens_boyce_index,ens_or10,tss_ensemble_mean,tss_ensemble_std,auc_ensemble_mean,auc_ensemble_std,mess_mess_mean,mess_mess_min,mess_mess_pct_extrapolation,mess_n_mess_points,algo_sd_mean,algo_sd_median,binary_agreement_mean,binary_agreement_unanimous_pct,glm_tss,glm_auc_roc,gam_tss,gam_auc_roc,rf_tss,rf_auc_roc,gbm_tss,gbm_auc_roc,maxent_tss,maxent_auc_roc,glm_auc_pr,glm_f1,gam_auc_pr,gam_f1,rf_auc_pr,rf_f1,gbm_auc_pr,gbm_f1,maxent_auc_pr,maxent_f1,tss_glm_mean,tss_glm_std,auc_glm_mean,auc_glm_std,tss_gam_mean,tss_gam_std,auc_gam_mean,auc_gam_std,tss_rf_mean,tss_rf_std,auc_rf_mean,auc_rf_std,tss_gbm_mean,tss_gbm_std,auc_gbm_mean,auc_gbm_std,tss_maxent_mean,tss_maxent_std,auc_maxent_mean,auc_maxent_std,mess_mess_max,binary_agreement_max_possible
krameria_cistoidea,ok,spatial_cv_oof,223,9431,8,0.24356120196180112,0.9370694774840915,0.7690170825473368,0.9876140749450933,0.9210208509620874,0.9370694774840915,0.8115384615384615,0.0051940636707337295,1.276955218167779,-0.20202297250108198,0.887389594297541,0.21524663677130046,0.4746875682292913,0.40538096706637383,0.9105080354025497,0.050269269186991816,-20.811229459803762,-201.93927261649486,46.0638077480837,9654,0.034798998273911544,0.0054425345615345755,0.22767764657136938,2.0716801325875287,0.9292981404232679,0.9874348168643339,0.9613553812847906,0.9976639391226243,0.8561399221059447,0.957024895951858,0.9012568511535042,0.9531867759839817,0.9635378603051761,0.9974673258165395,0.8281832096164496,0.7636363636363637,0.9234006343630554,0.734006734006734,0.8544631049014666,0.7658730158730159,0.8720298497921646,0.68561872909699,0.9150085015543272,0.6666666666666666,0.3582025854408285,0.3607254200766322,0.8540589526850315,0.09916837400588271,0.46981778195268786,0.3990136780724366,0.9527609518969875,0.04025256853842497,0.3623523336186903,0.422770849412676,0.9018236863837037,0.08017596535226372,0.37844524811763813,0.40307454706959184,0.7944044527657522,0.21111937281478413,0.45487144948577296,0.38417422547574537,0.9290675200136977,0.05625778334849551,24.2152466367713,5.0
