slug,status,metrics_source,n_presencias,n_background,n_predictores,threshold_maxTSS,tss_at_maxTSS,threshold_p10,ens_auc_roc,ens_auc_pr,ens_tss,ens_f1,ens_brier_score,ens_calib_slope,ens_calib_intercept,ens_boyce_index,ens_or10,tss_ensemble_mean,tss_ensemble_std,auc_ensemble_mean,auc_ensemble_std,mess_mess_mean,mess_mess_min,mess_mess_pct_extrapolation,mess_n_mess_points,algo_sd_mean,algo_sd_median,binary_agreement_mean,binary_agreement_unanimous_pct,glm_tss,glm_auc_roc,gam_tss,gam_auc_roc,rf_tss,rf_auc_roc,gbm_tss,gbm_auc_roc,maxent_tss,maxent_auc_roc,glm_auc_pr,glm_f1,gam_auc_pr,gam_f1,rf_auc_pr,rf_f1,gbm_auc_pr,gbm_f1,maxent_auc_pr,maxent_f1,tss_glm_mean,tss_glm_std,auc_glm_mean,auc_glm_std,tss_gam_mean,tss_gam_std,auc_gam_mean,auc_gam_std,tss_rf_mean,tss_rf_std,auc_rf_mean,auc_rf_std,tss_gbm_mean,tss_gbm_std,auc_gbm_mean,auc_gbm_std,tss_maxent_mean,tss_maxent_std,auc_maxent_mean,auc_maxent_std,mess_mess_max,binary_agreement_max_possible
nolana_divaricata,ok,spatial_cv_oof,45,9550,6,0.5606823962897163,0.8541128563118092,0.9300018973248928,0.9852751599767307,0.6368935050262594,0.9335660267597441,0.28859060402684567,0.07665119712645156,0.3450971962059816,-0.09960478271199466,0.6924909290403846,0.4666666666666667,0.8983161309577964,0.08643516695941748,0.974755257174451,0.04326418490938929,-65.03511830981121,-521.6598841614071,54.12193850964043,9595,0.14047721233727983,0.020933396315654912,0.667118290776446,1.0630536737884315,0.7864688772542174,0.9235788248981966,0.7523327515997673,0.8870692262943572,0.9484584060500292,0.9929563699825481,0.8966026759744037,0.9840116346713206,0.8224665503199535,0.9293403141361256,0.04911998168501729,0.04592901878914405,0.04312388163235711,0.039250669045495096,0.7835817883656554,0.23848238482384823,0.5777779135028696,0.13210445468509985,0.03835393728617986,0.06328182487122884,0.825103509317692,0.1439735503426536,0.9244903881522992,0.06864744039882933,0.8048038970381594,0.11726376298208877,0.9274621826973318,0.06159877930948521,0.918223590612463,0.08838394486767881,0.9794982868330886,0.0384148531396992,0.8951803997439702,0.07416814025541242,0.9796744982868331,0.03848619737551795,0.877901117951405,0.07477067602064018,0.9571379398899289,0.04620781125076588,97.77777777777777,5.0
