slug,status,metrics_source,n_presencias,n_background,n_predictores,threshold_maxTSS,tss_at_maxTSS,threshold_p10,ens_auc_roc,ens_auc_pr,ens_tss,ens_f1,ens_brier_score,ens_calib_slope,ens_calib_intercept,ens_boyce_index,ens_or10,tss_ensemble_mean,tss_ensemble_std,auc_ensemble_mean,auc_ensemble_std,mess_mess_mean,mess_mess_min,mess_mess_pct_extrapolation,mess_n_mess_points,algo_sd_mean,algo_sd_median,binary_agreement_mean,binary_agreement_unanimous_pct,glm_tss,glm_auc_roc,gam_tss,gam_auc_roc,rf_tss,rf_auc_roc,gbm_tss,gbm_auc_roc,maxent_tss,maxent_auc_roc,glm_auc_pr,glm_f1,gam_auc_pr,gam_f1,rf_auc_pr,rf_f1,gbm_auc_pr,gbm_f1,maxent_auc_pr,maxent_f1,tss_glm_mean,tss_glm_std,auc_glm_mean,auc_glm_std,tss_gam_mean,tss_gam_std,auc_gam_mean,auc_gam_std,tss_rf_mean,tss_rf_std,auc_rf_mean,auc_rf_std,tss_gbm_mean,tss_gbm_std,auc_gbm_mean,auc_gbm_std,tss_maxent_mean,tss_maxent_std,auc_maxent_mean,auc_maxent_std,mess_mess_max,binary_agreement_max_possible
oxalis_gigantea,ok,spatial_cv_oof,68,9532,7,0.31709042765771756,0.6609254276616228,0.7448675792002214,,,0.6609254276616228,0.743801652892562,,,,0.774640066744465,0.5735294117647058,0.6456592505276034,0.09451752377886369,0.9737568157181671,0.001652303035661551,0.7539078170215692,-173.46645735414123,18.302083333333332,9600,0.016311274343586094,1.76437321782156e-05,0.035520833333333335,0.33333333333333337,0.8759225889264644,,0.928605810767446,,0.8633457579422874,,0.924810545283997,,0.9503406482190022,,,0.16976127320954906,,0.33078880407124683,,0.7023809523809523,,0.4444444444444444,,0.4036697247706422,0.7683189461767107,0.06398299534024787,0.9505484630760954,0.021622710460265815,0.6158411419169799,0.09918217378892968,0.9681296962930639,0.006066755719087713,0.5177433862341941,0.07004993534752335,0.9159087142064827,0.06630133967592622,0.4415516598718193,0.006141791014851461,0.9765322520044647,0.009709606251045444,0.616328708957448,0.09966974082939772,0.988580247007268,0.004832481689536816,32.909070635247446,5.0
