slug,status,metrics_source,n_presencias,n_background,n_predictores,threshold_maxTSS,tss_at_maxTSS,threshold_p10,ens_auc_roc,ens_auc_pr,ens_tss,ens_f1,ens_brier_score,ens_calib_slope,ens_calib_intercept,ens_boyce_index,ens_or10,tss_ensemble_mean,tss_ensemble_std,auc_ensemble_mean,auc_ensemble_std,mess_mess_mean,mess_mess_min,mess_mess_pct_extrapolation,mess_n_mess_points,algo_sd_mean,algo_sd_median,binary_agreement_mean,binary_agreement_unanimous_pct,glm_tss,glm_auc_roc,gam_tss,gam_auc_roc,rf_tss,rf_auc_roc,gbm_tss,gbm_auc_roc,maxent_tss,maxent_auc_roc,glm_auc_pr,glm_f1,gam_auc_pr,gam_f1,rf_auc_pr,rf_f1,gbm_auc_pr,gbm_f1,maxent_auc_pr,maxent_f1,tss_glm_mean,tss_glm_std,auc_glm_mean,auc_glm_std,tss_gam_mean,tss_gam_std,auc_gam_mean,auc_gam_std,tss_rf_mean,tss_rf_std,auc_rf_mean,auc_rf_std,tss_gbm_mean,tss_gbm_std,auc_gbm_mean,auc_gbm_std,tss_maxent_mean,tss_maxent_std,auc_maxent_mean,auc_maxent_std,mess_mess_max,binary_agreement_max_possible
nolana_sedifolia,ok,spatial_cv_oof,37,19367,7,0.3037515319637564,0.08092617841159178,0.3753621172208557,,,0.08092617841159178,0.13953488372093023,,,,0.08247860988423227,0.918918918918919,0.527318500374226,0.472681499625774,0.9152505613390488,0.08474943866095119,-214.5526174919231,-883.0440111856282,50.28344671201814,19404,0.0031267592886607834,0.00012844223687962577,0.003349824778396207,0.0,0.699437186967522,,0.6725873909227036,,0.6597304693550885,,0.668146847730676,,0.8381043820709233,,,0.012553011026293468,,0.011535463756819953,,0.011104441776710685,,0.011382864174742347,,0.026815642458100558,0.0,0.0,0.6632329401687862,0.2603531007457746,0.5270176580156218,0.4723806572671698,0.7066365584813228,0.29336344151867727,0.5277777777777778,0.4722222222222222,0.7835676498605157,0.21643235013948425,0.5276273565984758,0.47207180104292024,0.6577745458256787,0.3422254541743213,0.5346297557226369,0.4647685595601547,0.9186504898958971,0.0813495101041029,27.027027027027028,5.0
