slug,status,metrics_source,n_presencias,n_background,n_predictores,threshold_maxTSS,tss_at_maxTSS,threshold_p10,ens_auc_roc,ens_auc_pr,ens_tss,ens_f1,ens_brier_score,ens_calib_slope,ens_calib_intercept,ens_boyce_index,ens_or10,tss_ensemble_mean,tss_ensemble_std,auc_ensemble_mean,auc_ensemble_std,mess_mess_mean,mess_mess_min,mess_mess_pct_extrapolation,mess_n_mess_points,algo_sd_mean,algo_sd_median,binary_agreement_mean,binary_agreement_unanimous_pct,glm_tss,glm_auc_roc,gam_tss,gam_auc_roc,rf_tss,rf_auc_roc,gbm_tss,gbm_auc_roc,maxent_tss,maxent_auc_roc,glm_auc_pr,glm_f1,gam_auc_pr,gam_f1,rf_auc_pr,rf_f1,gbm_auc_pr,gbm_f1,maxent_auc_pr,maxent_f1,tss_glm_mean,tss_glm_std,auc_glm_mean,auc_glm_std,tss_gam_mean,tss_gam_std,auc_gam_mean,auc_gam_std,tss_rf_mean,tss_rf_std,auc_rf_mean,auc_rf_std,tss_gbm_mean,tss_gbm_std,auc_gbm_mean,auc_gbm_std,tss_maxent_mean,tss_maxent_std,auc_maxent_mean,auc_maxent_std,mess_mess_max,binary_agreement_max_possible
neltuma_chilensis,ok,spatial_cv_oof,184,9529,8,0.04315433123990775,0.6035762683250672,0.054297878073480764,0.8738490511801503,0.37431379579506757,0.6035762683250672,0.1415929203539823,0.02520115855267599,0.5297125518053185,-0.09153062651385305,0.9353383458646616,0.22282608695652173,0.08875883712380461,0.16601727744984038,0.7401816264992028,0.152264458015144,3.4765622370285847,-50.817367472618855,22.711829506846495,9713,0.17531772863156625,0.13010778878998852,1.9319468753217337,5.631627715432925,0.3561878613112375,0.6607113525302623,0.4587996824339431,0.7011382872421487,0.2591790734919033,0.6470077612049259,0.18127329844365248,0.5956707670406586,0.6936901997107228,0.8738490511801503,0.028471793588090762,0.0666194188518781,0.03085098784497942,0.08585247883917775,0.03847198758977911,0.05821596244131456,0.029235742265557637,0.04995871180842279,0.37431379579506757,0.3612217795484728,0.0723632495493514,0.08666313470722883,0.5464991411973388,0.11377889273827232,0.25292003560696846,0.3407107749038888,0.6989000676296302,0.1707296362915647,0.1374927382060976,0.2902852333216524,0.6164457590124679,0.21027805819103268,0.10626279192014029,0.18001061915648053,0.5599269839358356,0.22799483259816522,0.08875883712380461,0.16601727744984038,0.7401816264992028,0.152264458015144,52.17391304347826,5.0
