slug,status,metrics_source,n_presencias,n_background,n_predictores,threshold_maxTSS,tss_at_maxTSS,threshold_p10,ens_auc_roc,ens_auc_pr,ens_tss,ens_f1,ens_brier_score,ens_calib_slope,ens_calib_intercept,ens_boyce_index,ens_or10,tss_ensemble_mean,tss_ensemble_std,auc_ensemble_mean,auc_ensemble_std,mess_mess_mean,mess_mess_min,mess_mess_pct_extrapolation,mess_n_mess_points,algo_sd_mean,algo_sd_median,binary_agreement_mean,binary_agreement_unanimous_pct,glm_tss,glm_auc_roc,gam_tss,gam_auc_roc,rf_tss,rf_auc_roc,gbm_tss,gbm_auc_roc,maxent_tss,maxent_auc_roc,glm_auc_pr,glm_f1,gam_auc_pr,gam_f1,rf_auc_pr,rf_f1,gbm_auc_pr,gbm_f1,maxent_auc_pr,maxent_f1,tss_glm_mean,tss_glm_std,auc_glm_mean,auc_glm_std,tss_gam_mean,tss_gam_std,auc_gam_mean,auc_gam_std,tss_rf_mean,tss_rf_std,auc_rf_mean,auc_rf_std,tss_gbm_mean,tss_gbm_std,auc_gbm_mean,auc_gbm_std,tss_maxent_mean,tss_maxent_std,auc_maxent_mean,auc_maxent_std,mess_mess_max,binary_agreement_max_possible
encelia_canescens,ok,spatial_cv_oof,271,9437,8,0.30882243626575706,0.9036660674967458,0.7304361822344113,0.9913469670884058,0.8838653576091205,0.9504333848043367,0.6956521739130435,0.00912102321975431,1.0286143711721643,-0.12471812578252639,0.9684210526315788,0.2915129151291513,0.8202458636833988,0.16165493496892278,0.9766006624500125,0.03308257381951481,-15.397840066286282,-137.11052010828848,39.74042027194067,9708,0.03534165871835344,0.0023456674861700782,0.21096003296250515,1.8850432632880099,0.9382848464491851,0.9875415798769622,0.9380541458270364,0.9906669867800725,0.9649507102255508,0.9929114301209772,0.8732096751930749,0.9842292663681114,0.8343952730615576,0.9703584892159189,0.6862323507269645,0.6533665835411472,0.821408809174746,0.6261904761904762,0.9002138897738433,0.8488745980707395,0.8491073056184754,0.41552142279708976,0.7157008989232315,0.34657534246575344,0.8576008526151503,0.10077456131850511,0.9678897829149337,0.03419129942883431,0.7579462424505332,0.20577680192463704,0.9749597562469487,0.03894296527971315,0.9059542158297376,0.07360571548127698,0.9780890069166108,0.030580751100385176,0.703706739722071,0.2528643420032699,0.9746762040219187,0.029442859524313282,0.46595960454346946,0.3812790787131511,0.9583031916028124,0.04387572152353346,33.94833948339483,5.0
