slug,status,metrics_source,n_presencias,n_background,n_predictores,threshold_maxTSS,tss_at_maxTSS,threshold_p10,ens_auc_roc,ens_auc_pr,ens_tss,ens_f1,ens_brier_score,ens_calib_slope,ens_calib_intercept,ens_boyce_index,ens_or10,tss_ensemble_mean,tss_ensemble_std,auc_ensemble_mean,auc_ensemble_std,mess_mess_mean,mess_mess_min,mess_mess_pct_extrapolation,mess_n_mess_points,algo_sd_mean,algo_sd_median,binary_agreement_mean,binary_agreement_unanimous_pct,glm_tss,glm_auc_roc,gam_tss,gam_auc_roc,rf_tss,rf_auc_roc,gbm_tss,gbm_auc_roc,maxent_tss,maxent_auc_roc,glm_auc_pr,glm_f1,gam_auc_pr,gam_f1,rf_auc_pr,rf_f1,gbm_auc_pr,gbm_f1,maxent_auc_pr,maxent_f1,tss_glm_mean,tss_glm_std,auc_glm_mean,auc_glm_std,tss_gam_mean,tss_gam_std,auc_gam_mean,auc_gam_std,tss_rf_mean,tss_rf_std,auc_rf_mean,auc_rf_std,tss_gbm_mean,tss_gbm_std,auc_gbm_mean,auc_gbm_std,tss_maxent_mean,tss_maxent_std,auc_maxent_mean,auc_maxent_std,mess_mess_max,binary_agreement_max_possible
atriplex_semibaccata,ok,spatial_cv_oof,8,18748,4,0.29198712797210113,0.14622893108598256,0.45867918532837604,0.7700154683166205,0.0033919485686350575,0.5590729677832302,0.008006405124099279,0.19564009178025288,0.0029762923923965443,-0.00033463517471454417,0.23124619145189818,0.25,0.12922931096657025,0.22402977930332643,0.8167874722271199,0.08728472738197741,-170.21352243251482,-710.4236090266771,90.87225421198549,18756,0.35797416163054835,0.43860322760880543,1.485444657709533,0.0,0.20106144655429903,0.36895935566460425,0.7561073181139322,0.8921484958395562,0.6873799871986344,0.8335189086835929,0.3299285257094091,0.5102044218049925,0.6536163857478132,0.7967583208875614,0.0003630394353301688,0.0011067193675889327,0.0039295869987890876,0.006238859180035651,0.008700835780903051,0.010101010101010102,0.0018938281453923897,0.007009345794392523,0.003988886754773029,0.006589785831960461,0.11550129860630927,0.18476322823011423,0.6780337693006573,0.232102806776723,0.0,0.0,0.8041565173620023,0.09621367742800402,-0.004195781170404733,0.004064518895854358,0.6684829424967952,0.222619136840888,-0.0022408963585434094,0.004481792717086819,0.4541322112129468,0.33603585969165806,0.20913086409974824,0.20550478740461534,0.8137991456925386,0.09000119636483263,50.0,5.0
