slug,status,metrics_source,n_presencias,n_background,n_predictores,threshold_maxTSS,tss_at_maxTSS,threshold_p10,ens_auc_roc,ens_auc_pr,ens_tss,ens_f1,ens_brier_score,ens_calib_slope,ens_calib_intercept,ens_boyce_index,ens_or10,tss_ensemble_mean,tss_ensemble_std,auc_ensemble_mean,auc_ensemble_std,mess_mess_mean,mess_mess_min,mess_mess_pct_extrapolation,mess_n_mess_points,algo_sd_mean,algo_sd_median,binary_agreement_mean,binary_agreement_unanimous_pct,glm_tss,glm_auc_roc,gam_tss,gam_auc_roc,rf_tss,rf_auc_roc,gbm_tss,gbm_auc_roc,maxent_tss,maxent_auc_roc,glm_auc_pr,glm_f1,gam_auc_pr,gam_f1,rf_auc_pr,rf_f1,gbm_auc_pr,gbm_f1,maxent_auc_pr,maxent_f1,tss_glm_mean,tss_glm_std,auc_glm_mean,auc_glm_std,tss_gam_mean,tss_gam_std,auc_gam_mean,auc_gam_std,tss_rf_mean,tss_rf_std,auc_rf_mean,auc_rf_std,tss_gbm_mean,tss_gbm_std,auc_gbm_mean,auc_gbm_std,tss_maxent_mean,tss_maxent_std,auc_maxent_mean,auc_maxent_std,mess_mess_max,binary_agreement_max_possible
nolana_sedifolia,ok,spatial_cv_oof,37,9472,7,0.32697429584446414,0.10800253378378377,0.6395038493059771,,,0.10800253378378377,0.19047619047619047,,,,0.3682714621051773,0.918918918918919,0.5413531870428422,0.4586468129571578,0.9304771856495995,0.06952281435040053,0.9306407873214408,-276.44205167935195,11.084235986959722,9509,0.003667454149550193,0.00021285275850942815,0.0028394152907771585,0.0,0.7675253378378379,,0.6879222972972974,,0.6652238175675675,,0.6768369932432432,,0.916279560810811,,,0.03566121842496285,,0.02442244224422442,,0.02280431432973806,,0.023604465709728868,,0.0853517877739331,0.013575409265064398,0.013575409265064398,0.7998997722719935,0.19058246123054456,0.5410397074190177,0.45896029258098225,0.7354667363288053,0.2645332636711947,0.5277777777777778,0.4722222222222222,0.7957070707070707,0.2042929292929293,0.5277777777777778,0.4722222222222222,0.824390456287008,0.17560954371299198,0.567246307818249,0.4321191744152535,0.9320881226053639,0.06791187739463606,27.027027027027028,5.0
