slug,status,metrics_source,n_presencias,n_background,n_predictores,threshold_maxTSS,tss_at_maxTSS,threshold_p10,ens_auc_roc,ens_auc_pr,ens_tss,ens_f1,ens_brier_score,ens_calib_slope,ens_calib_intercept,ens_boyce_index,ens_or10,tss_ensemble_mean,tss_ensemble_std,auc_ensemble_mean,auc_ensemble_std,mess_mess_mean,mess_mess_min,mess_mess_pct_extrapolation,mess_n_mess_points,algo_sd_mean,algo_sd_median,binary_agreement_mean,binary_agreement_unanimous_pct,glm_tss,glm_auc_roc,gam_tss,gam_auc_roc,rf_tss,rf_auc_roc,gbm_tss,gbm_auc_roc,maxent_tss,maxent_auc_roc,glm_auc_pr,glm_f1,gam_auc_pr,gam_f1,rf_auc_pr,rf_f1,gbm_auc_pr,gbm_f1,maxent_auc_pr,maxent_f1,tss_glm_mean,tss_glm_std,auc_glm_mean,auc_glm_std,tss_gam_mean,tss_gam_std,auc_gam_mean,auc_gam_std,tss_rf_mean,tss_rf_std,auc_rf_mean,auc_rf_std,tss_gbm_mean,tss_gbm_std,auc_gbm_mean,auc_gbm_std,tss_maxent_mean,tss_maxent_std,auc_maxent_mean,auc_maxent_std,mess_mess_max,binary_agreement_max_possible
skytanthus_acutus,ok,spatial_cv_oof,117,18815,6,0.3152494122118928,0.7879755877629915,0.5945428579224717,0.9516840763984001,0.13662312996549905,0.7879755877629915,0.19655521783181357,0.016125238487297626,0.281502696290218,-0.02316701614281573,0.791758860413575,0.7008547008547008,0.3480753792947078,0.3106076522246274,0.7985055031326009,0.1655775045844131,-171.41069501745451,-759.4837630814874,82.92309317557574,18932,0.06567927058526353,0.012594685028294965,0.2691210648637228,0.0,0.8386861728344588,0.9392689956867475,0.8612745331852427,0.9543660609033982,0.842174024634827,0.9428127221643033,0.8231334791526128,0.9489126015567684,0.8532921768637953,0.9502008989917574,0.08005830787293984,0.12961841308298,0.11821387339022449,0.17455138662316477,0.12674389065061262,0.1141959140911472,0.11958710788497576,0.12962962962962962,0.1398043148198268,0.14044213263979194,0.19471173519544266,0.2947286734291031,0.7116441605143804,0.2701974661578144,-5.8685446009398845e-05,0.00011737089201879769,0.7741906400292271,0.23825913132446286,0.258452819507755,0.2646953715642184,0.8306551941502793,0.0963959804139444,0.11460929646670932,0.13610456918820182,0.8697121091661156,0.08091821941535098,0.414499748634619,0.33330712990842093,0.819827863459766,0.1098729408322146,5.128205128205132,5.0
