slug,status,metrics_source,n_presencias,n_background,n_predictores,threshold_maxTSS,tss_at_maxTSS,threshold_p10,ens_auc_roc,ens_auc_pr,ens_tss,ens_f1,ens_brier_score,ens_calib_slope,ens_calib_intercept,ens_boyce_index,ens_or10,tss_ensemble_mean,tss_ensemble_std,auc_ensemble_mean,auc_ensemble_std,mess_mess_mean,mess_mess_min,mess_mess_pct_extrapolation,mess_n_mess_points,algo_sd_mean,algo_sd_median,binary_agreement_mean,binary_agreement_unanimous_pct,glm_tss,glm_auc_roc,gam_tss,gam_auc_roc,rf_tss,rf_auc_roc,gbm_tss,gbm_auc_roc,maxent_tss,maxent_auc_roc,glm_auc_pr,glm_f1,gam_auc_pr,gam_f1,rf_auc_pr,rf_f1,gbm_auc_pr,gbm_f1,maxent_auc_pr,maxent_f1,tss_glm_mean,tss_glm_std,auc_glm_mean,auc_glm_std,tss_gam_mean,tss_gam_std,auc_gam_mean,auc_gam_std,tss_rf_mean,tss_rf_std,auc_rf_mean,auc_rf_std,tss_gbm_mean,tss_gbm_std,auc_gbm_mean,auc_gbm_std,tss_maxent_mean,tss_maxent_std,auc_maxent_mean,auc_maxent_std,mess_mess_max,binary_agreement_max_possible
miqueliopuntia_miquelii,ok,spatial_cv_oof,129,9462,7,0.3292196687982051,0.9446795750935197,0.883358379598636,,,0.9446795750935197,0.9348659003831418,,,,0.8107815195816882,0.5038759689922481,0.8874483799237611,0.10619837992376113,0.9803545525712806,0.0184533961836153,-79.85600720382122,-419.70977319628446,78.0314878531957,9591,0.0235669095413507,0.00030838115175102807,0.07246376811594203,0.8862475237201543,0.9441511455860161,,0.9349196049805095,,0.9677977515938907,,0.9636022670854776,,0.9706144037594688,,,0.9172932330827067,,0.8673835125448028,,0.6135265700483091,,0.819672131147541,,0.805111821086262,0.8593877694529497,0.08915098531198051,0.9432004049135644,0.05493292143338813,0.8520390583825233,0.13383971917547477,0.9201273092773912,0.07856274429941756,0.7144566136295136,0.06624272557753486,0.9823327768002632,0.016232831866342334,0.6937912223765048,0.024958777623495187,0.9617187970333703,0.03696143194526447,0.9247935196950445,0.04979351969504453,0.9856880397154187,0.012687626719824041,9.30232558139535,5.0
