slug,status,metrics_source,n_presencias,n_background,n_predictores,threshold_maxTSS,tss_at_maxTSS,threshold_p10,ens_auc_roc,ens_auc_pr,ens_tss,ens_f1,ens_brier_score,ens_calib_slope,ens_calib_intercept,ens_boyce_index,ens_or10,tss_ensemble_mean,tss_ensemble_std,auc_ensemble_mean,auc_ensemble_std,mess_mess_mean,mess_mess_min,mess_mess_pct_extrapolation,mess_n_mess_points,algo_sd_mean,algo_sd_median,binary_agreement_mean,binary_agreement_unanimous_pct,glm_tss,glm_auc_roc,gam_tss,gam_auc_roc,rf_tss,rf_auc_roc,gbm_tss,gbm_auc_roc,maxent_tss,maxent_auc_roc,glm_auc_pr,glm_f1,gam_auc_pr,gam_f1,rf_auc_pr,rf_f1,gbm_auc_pr,gbm_f1,maxent_auc_pr,maxent_f1,tss_glm_mean,tss_glm_std,auc_glm_mean,auc_glm_std,tss_gam_mean,tss_gam_std,auc_gam_mean,auc_gam_std,tss_rf_mean,tss_rf_std,auc_rf_mean,auc_rf_std,tss_gbm_mean,tss_gbm_std,auc_gbm_mean,auc_gbm_std,tss_maxent_mean,tss_maxent_std,auc_maxent_mean,auc_maxent_std,mess_mess_max,binary_agreement_max_possible
miqueliopuntia_miquelii,ok,spatial_cv_oof,136,18808,8,0.5308509055254985,0.2201722671203743,0.639129482319817,0.9581723281081893,0.08675082861957373,0.2201722671203743,0.09302325581395349,0.026679686568949326,0.055426203988513674,0.02136543994031557,0.4863897943243252,0.8676470588235294,0.12240220242878097,0.09831106375294595,0.8383592181040622,0.11892007178239226,-107.54557901410698,-410.6345030017012,90.5616554054054,18944,0.0670639783798145,0.010134524822041097,0.25918496621621623,0.0,0.8644256511622088,0.9252263977156153,0.9078802512072461,0.9537358555183026,0.7721589060975305,0.931110158067906,0.6756699276903446,0.8873410407336052,0.8734174443916232,0.9588299018565317,0.0419018961788197,0.11064891846921797,0.06615097955189746,0.1552723059096176,0.11221069794027648,0.08264462809917356,0.046957120736925026,0.04268675455116133,0.08124255434294411,0.14309301045679693,0.3434348513026459,0.2624321648015686,0.7792722991851044,0.14266513566785682,-0.0011907124429450188,0.0023814248858900376,0.8285525328855678,0.12324575879527239,0.1658733450354936,0.17492934370144717,0.8088112351922264,0.09796962165516596,0.11697883879780555,0.07000358071811076,0.8074526347247513,0.10637504716387047,0.47288951727194456,0.3155893286091813,0.822290506748617,0.13033348268327813,10.294117647058831,5.0
