slug,status,metrics_source,n_presencias,n_background,n_predictores,threshold_maxTSS,tss_at_maxTSS,threshold_p10,ens_auc_roc,ens_auc_pr,ens_tss,ens_f1,ens_brier_score,ens_calib_slope,ens_calib_intercept,ens_boyce_index,ens_or10,tss_ensemble_mean,tss_ensemble_std,auc_ensemble_mean,auc_ensemble_std,mess_mess_mean,mess_mess_min,mess_mess_pct_extrapolation,mess_n_mess_points,algo_sd_mean,algo_sd_median,binary_agreement_mean,binary_agreement_unanimous_pct,glm_tss,glm_auc_roc,gam_tss,gam_auc_roc,rf_tss,rf_auc_roc,gbm_tss,gbm_auc_roc,maxent_tss,maxent_auc_roc,glm_auc_pr,glm_f1,gam_auc_pr,gam_f1,rf_auc_pr,rf_f1,gbm_auc_pr,gbm_f1,maxent_auc_pr,maxent_f1,tss_glm_mean,tss_glm_std,auc_glm_mean,auc_glm_std,tss_gam_mean,tss_gam_std,auc_gam_mean,auc_gam_std,tss_rf_mean,tss_rf_std,auc_rf_mean,auc_rf_std,tss_gbm_mean,tss_gbm_std,auc_gbm_mean,auc_gbm_std,tss_maxent_mean,tss_maxent_std,auc_maxent_mean,auc_maxent_std,mess_mess_max,binary_agreement_max_possible
senna_cumingii,ok,spatial_cv_oof,92,9423,7,0.3780760780107397,0.750678266406434,0.7736933936219769,0.9517104309990817,0.6186934371665227,0.750678266406434,0.15682281059063136,0.04022218066223207,0.6047014080731832,-0.16886815750955367,0.6288059232938956,0.34782608695652173,0.5149023813452125,0.29475805836896996,0.9001621314099285,0.058235138037097345,-50.130715494084235,-382.42171255080495,46.83131897004729,9515,0.12883177254630354,0.058707127729307904,0.6094587493431424,1.6920651602732528,0.8207934794143839,0.9451723119656346,0.8107567515191783,0.9547868536282638,0.6714202990831868,0.9062902288110959,0.6840039865454093,0.9170957739850227,0.8311612659127299,0.9315769924652445,0.4578990905629437,0.22040816326530613,0.2764180091465295,0.1757770632368703,0.5693018760303802,0.09855453350854139,0.5474451931820352,0.11384615384615385,0.06461745568718287,0.16175071360608945,0.5002836938787384,0.3607825032765331,0.822947245586847,0.12395834114565114,0.4617484160631008,0.40657619516509413,0.8745822855451593,0.09588724167121267,0.5589622785630045,0.3371252308976003,0.9010356712481965,0.0782606524227244,0.5242564098067926,0.3757046637003754,0.8966301730846433,0.06687327814041455,0.5114687313440569,0.3342463090081275,0.9252098385947909,0.025713941206439755,34.78260869565217,5.0
