slug,status,metrics_source,n_presencias,n_background,n_predictores,threshold_maxTSS,tss_at_maxTSS,threshold_p10,ens_auc_roc,ens_auc_pr,ens_tss,ens_f1,ens_brier_score,ens_calib_slope,ens_calib_intercept,ens_boyce_index,ens_or10,tss_ensemble_mean,tss_ensemble_std,auc_ensemble_mean,auc_ensemble_std,mess_mess_mean,mess_mess_min,mess_mess_pct_extrapolation,mess_n_mess_points,algo_sd_mean,algo_sd_median,binary_agreement_mean,binary_agreement_unanimous_pct,glm_tss,glm_auc_roc,gam_tss,gam_auc_roc,rf_tss,rf_auc_roc,gbm_tss,gbm_auc_roc,maxent_tss,maxent_auc_roc,glm_auc_pr,glm_f1,gam_auc_pr,gam_f1,rf_auc_pr,rf_f1,gbm_auc_pr,gbm_f1,maxent_auc_pr,maxent_f1,tss_glm_mean,tss_glm_std,auc_glm_mean,auc_glm_std,tss_gam_mean,tss_gam_std,auc_gam_mean,auc_gam_std,tss_rf_mean,tss_rf_std,auc_rf_mean,auc_rf_std,tss_gbm_mean,tss_gbm_std,auc_gbm_mean,auc_gbm_std,tss_maxent_mean,tss_maxent_std,auc_maxent_mean,auc_maxent_std,mess_mess_max,binary_agreement_max_possible
nolana_sedifolia,ok,spatial_cv_oof,74,18799,6,0.19192193816383912,0.6928171855029666,0.32881680570807165,0.9293928084156289,0.0463172958502353,0.7751857128685682,0.05175743530320587,0.012819810679527543,0.08101703679651995,0.00625390595505319,0.7857142857142857,0.4594594594594595,0.3827422971681237,0.26933629770114154,0.7552524419154796,0.17229293972457219,-66.79007816375623,-354.8993321213029,62.07810099083346,18873,0.10373126722702813,0.026819666211712497,0.4831240396333386,0.0,0.7586358101279109,0.912989549472873,0.6947386505607687,0.9203770902132518,0.6373038818913599,0.8859021397055334,0.6575069404209253,0.843867126342258,0.7626850479395828,0.9249942133207201,0.036043762175377116,0.059953161592505855,0.04748444817393812,0.05725376031052887,0.0355709004754861,0.02679658952496955,0.03346408771811142,0.037297462549679,0.04727508722536684,0.04745042492917847,0.13329988033354528,0.19073881698483322,0.662859006997829,0.20995945470941044,-0.0002777777777777768,0.0005555555555555536,0.7275612418443052,0.15773251918073727,0.2149450341954627,0.20327039621232149,0.7768741898838527,0.16009745846369572,0.01455498340301702,0.021630218947172163,0.6221949948080321,0.2977839222196396,0.3671985538800398,0.23296155906793367,0.6563835539846815,0.3244370542798833,16.216216216216207,5.0
