slug,status,metrics_source,n_presencias,n_background,n_predictores,threshold_maxTSS,tss_at_maxTSS,threshold_p10,ens_auc_roc,ens_auc_pr,ens_tss,ens_f1,ens_brier_score,ens_calib_slope,ens_calib_intercept,ens_boyce_index,ens_or10,tss_ensemble_mean,tss_ensemble_std,auc_ensemble_mean,auc_ensemble_std,mess_mess_mean,mess_mess_min,mess_mess_pct_extrapolation,mess_n_mess_points,algo_sd_mean,algo_sd_median,binary_agreement_mean,binary_agreement_unanimous_pct,glm_tss,glm_auc_roc,gam_tss,gam_auc_roc,rf_tss,rf_auc_roc,gbm_tss,gbm_auc_roc,maxent_tss,maxent_auc_roc,glm_auc_pr,glm_f1,gam_auc_pr,gam_f1,rf_auc_pr,rf_f1,gbm_auc_pr,gbm_f1,maxent_auc_pr,maxent_f1,tss_glm_mean,tss_glm_std,auc_glm_mean,auc_glm_std,tss_gam_mean,tss_gam_std,auc_gam_mean,auc_gam_std,tss_rf_mean,tss_rf_std,auc_rf_mean,auc_rf_std,tss_gbm_mean,tss_gbm_std,auc_gbm_mean,auc_gbm_std,tss_maxent_mean,tss_maxent_std,auc_maxent_mean,auc_maxent_std,mess_mess_max,binary_agreement_max_possible
eulychnia_acida,ok,spatial_cv_oof,150,9539,7,0.5349271642025688,0.7486249432155712,0.8128927778635465,0.9695897543418247,0.6810018691217032,0.8129762029562846,0.7235294117647059,0.07377903873783394,0.669823983968096,-0.18328650594591117,0.8072298311056222,0.22666666666666666,0.4716134593977964,0.3747331709626193,0.8495382789211036,0.21075974932696198,-107.14742201184023,-694.9895430555216,47.97192692744349,9689,0.1828581193303605,0.10453371185035333,0.8017339250696667,1.599752296418619,0.7125715483803332,0.8988740958171717,0.8124576300800224,0.8803193905720376,0.7758353426285076,0.9521329978684,0.7260397665723171,0.904978159835063,0.95695635461439,0.9885155676695669,0.09607782910710948,0.10323033707865169,0.05764893262339733,0.16421291053227632,0.7330738350405293,0.1773142112125163,0.5112941589886235,0.13539074166251866,0.38563458136813195,0.4613003095975232,0.47354959792715495,0.3990521946774738,0.640024533834825,0.3338452501245033,0.5238904310885351,0.4315673705685791,0.7021561807393477,0.33921211689377545,0.5207411120962775,0.4302817203945679,0.893042088441004,0.19395285043912516,0.5848517527214069,0.3089045164341442,0.8757817200256209,0.18832816974981323,0.42197308324567223,0.4258093160235932,0.8198565424548272,0.23205284070775153,44.0,5.0
