slug,status,metrics_source,n_presencias,n_background,n_predictores,threshold_maxTSS,tss_at_maxTSS,threshold_p10,ens_auc_roc,ens_auc_pr,ens_tss,ens_f1,ens_brier_score,ens_calib_slope,ens_calib_intercept,ens_boyce_index,ens_or10,tss_ensemble_mean,tss_ensemble_std,auc_ensemble_mean,auc_ensemble_std,mess_mess_mean,mess_mess_min,mess_mess_pct_extrapolation,mess_n_mess_points,algo_sd_mean,algo_sd_median,binary_agreement_mean,binary_agreement_unanimous_pct,glm_tss,glm_auc_roc,gam_tss,gam_auc_roc,rf_tss,rf_auc_roc,gbm_tss,gbm_auc_roc,maxent_tss,maxent_auc_roc,glm_auc_pr,glm_f1,gam_auc_pr,gam_f1,rf_auc_pr,rf_f1,gbm_auc_pr,gbm_f1,maxent_auc_pr,maxent_f1,tss_glm_mean,tss_glm_std,auc_glm_mean,auc_glm_std,tss_gam_mean,tss_gam_std,auc_gam_mean,auc_gam_std,tss_rf_mean,tss_rf_std,auc_rf_mean,auc_rf_std,tss_gbm_mean,tss_gbm_std,auc_gbm_mean,auc_gbm_std,tss_maxent_mean,tss_maxent_std,auc_maxent_mean,auc_maxent_std,mess_mess_max,binary_agreement_max_possible
nolana_divaricata,ok,spatial_cv_oof,45,9550,6,0.43855138308418656,0.04433973240255962,0.7594550299043187,,,0.04433973240255962,0.08333333333333333,,,,0.37378473899526654,0.9777777777777777,0.26138947111599076,0.23813365716250234,0.9979202518877137,0.0008875688085189792,-65.03511830981121,-521.6598841614071,54.12193850964043,9595,0.01854366039203388,0.00023880735129997948,0.014278269932256383,0.010422094841063054,0.9499476439790575,,0.90500290866783,,0.9991623036649213,,0.9413612565445026,,0.9739034322280395,,,0.15845070422535212,,0.11224489795918367,,0.9183673469387755,,0.13846153846153847,,0.6984126984126984,0.2495231282784931,0.2495231282784931,0.9770112914887843,0.00605976239772027,0.28434003476422876,0.21518309351426435,0.7770795317955713,0.2072178245948083,0.24976156413924655,0.24976156413924655,0.999266107460538,1.858495720163944e-05,0.25,0.25,0.9755160859812022,0.024483914018797792,0.7253415397192221,0.225818411440729,0.8475500943811154,0.14464117687992323,97.77777777777777,5.0
