slug,status,metrics_source,n_presencias,n_background,n_predictores,threshold_maxTSS,tss_at_maxTSS,threshold_p10,ens_auc_roc,ens_auc_pr,ens_tss,ens_f1,ens_brier_score,ens_calib_slope,ens_calib_intercept,ens_boyce_index,ens_or10,tss_ensemble_mean,tss_ensemble_std,auc_ensemble_mean,auc_ensemble_std,mess_mess_mean,mess_mess_min,mess_mess_pct_extrapolation,mess_n_mess_points,algo_sd_mean,algo_sd_median,binary_agreement_mean,binary_agreement_unanimous_pct,glm_tss,glm_auc_roc,gam_tss,gam_auc_roc,rf_tss,rf_auc_roc,gbm_tss,gbm_auc_roc,maxent_tss,maxent_auc_roc,glm_auc_pr,glm_f1,gam_auc_pr,gam_f1,rf_auc_pr,rf_f1,gbm_auc_pr,gbm_f1,maxent_auc_pr,maxent_f1,tss_glm_mean,tss_glm_std,auc_glm_mean,auc_glm_std,tss_gam_mean,tss_gam_std,auc_gam_mean,auc_gam_std,tss_rf_mean,tss_rf_std,auc_rf_mean,auc_rf_std,tss_gbm_mean,tss_gbm_std,auc_gbm_mean,auc_gbm_std,tss_maxent_mean,tss_maxent_std,auc_maxent_mean,auc_maxent_std,mess_mess_max,binary_agreement_max_possible
pleurophora_pungens,ok,spatial_cv_oof,56,9439,5,0.3321333828283871,0.4210702556263528,0.46558081336759916,0.8114509708958273,0.045365211402348726,0.536007521983261,0.07518796992481203,0.1063341638129269,0.06775026140312287,-0.01602440720958145,0.15765635809529452,0.3392857142857143,0.41173015644941807,0.34752018299169013,0.8185728267286445,0.2411560113914613,1.571390529001986,-45.46889757463658,28.08846761453396,9495,0.1447070412211945,0.09640944438217548,1.1602948920484466,6.392838335966299,0.5700834682850786,0.7453801098784677,0.5206457251827525,0.7385656773568628,0.5543243836362812,0.7526277753393973,0.4967971032040319,0.7002557777004224,0.5164079881343362,0.805882319555643,0.011657833174940267,0.03555219364599092,0.020515307460529184,0.06505576208178439,0.35474937704914017,0.1575178997613365,0.27996728211228433,0.06860706860706861,0.055766032857869255,0.06272401433691756,0.3123848198723663,0.3361761585474337,0.7572847549908923,0.22076844280352234,0.4198602520433088,0.35690841327999995,0.8093678195465556,0.221957769332538,0.3996875237716903,0.3364005749947558,0.8564982652086304,0.20483363049203948,0.39513857310692824,0.3599357504408617,0.8161451166362399,0.09312098418330748,0.39768372513103856,0.3332590006677461,0.7903144027121348,0.1527374386486545,28.57142857142857,5.0
