slug,status,metrics_source,n_presencias,n_background,n_predictores,threshold_maxTSS,tss_at_maxTSS,threshold_p10,ens_auc_roc,ens_auc_pr,ens_tss,ens_f1,ens_brier_score,ens_calib_slope,ens_calib_intercept,ens_boyce_index,ens_or10,tss_ensemble_mean,tss_ensemble_std,auc_ensemble_mean,auc_ensemble_std,mess_mess_mean,mess_mess_min,mess_mess_pct_extrapolation,mess_n_mess_points,algo_sd_mean,algo_sd_median,binary_agreement_mean,binary_agreement_unanimous_pct,glm_tss,glm_auc_roc,gam_tss,gam_auc_roc,rf_tss,rf_auc_roc,gbm_tss,gbm_auc_roc,maxent_tss,maxent_auc_roc,glm_auc_pr,glm_f1,gam_auc_pr,gam_f1,rf_auc_pr,rf_f1,gbm_auc_pr,gbm_f1,maxent_auc_pr,maxent_f1,tss_glm_mean,tss_glm_std,auc_glm_mean,auc_glm_std,tss_gam_mean,tss_gam_std,auc_gam_mean,auc_gam_std,tss_rf_mean,tss_rf_std,auc_rf_mean,auc_rf_std,tss_gbm_mean,tss_gbm_std,auc_gbm_mean,auc_gbm_std,tss_maxent_mean,tss_maxent_std,auc_maxent_mean,auc_maxent_std,mess_mess_max,binary_agreement_max_possible
atriplex_semibaccata,ok,spatial_cv_oof,1054,9494,8,0.32743020055023864,0.6859982275832655,0.6007676383995487,0.9493383217364086,0.6566915618674533,0.770192819273853,0.5847953216374269,0.05150223453153577,0.9238197357463336,0.021520044137994687,0.8781954887218045,0.635673624288425,0.5870924012523988,0.21158169663230994,0.9199026415853769,0.05403871419214506,-25.906875909047386,-252.758942447166,45.90443686006826,10548,0.10802587853046121,0.0656309300271134,0.7438376943496398,5.081532043989382,0.6161082861081941,0.8756803957677853,0.8344751044202892,0.9581803188191562,0.7493655235764605,0.9423175088311043,0.7178599566929118,0.9262126104612559,0.8453272595215435,0.9651571610792634,0.3379499336819001,0.39655172413793105,0.5966612237805528,0.6530207989435457,0.6367476526251213,0.5188306557808796,0.5886773153403208,0.49163710086163204,0.6837252587347822,0.6695886716115981,0.5415661465870495,0.2182182028983184,0.8656163920160143,0.08064902145274949,0.4827823861876192,0.18823320783140549,0.9463380924728041,0.027781899594933414,0.5828266723484107,0.26063049953292816,0.9274633580752116,0.030305499610006486,0.38735734773782016,0.15825061575901272,0.920918572412236,0.028898143544548647,0.43390256839165103,0.2362359488689816,0.9423298051085924,0.0350810341356283,51.61290322580645,5.0
