slug,status,metrics_source,n_presencias,n_background,n_predictores,threshold_maxTSS,tss_at_maxTSS,threshold_p10,ens_auc_roc,ens_auc_pr,ens_tss,ens_f1,ens_brier_score,ens_calib_slope,ens_calib_intercept,ens_boyce_index,ens_or10,tss_ensemble_mean,tss_ensemble_std,auc_ensemble_mean,auc_ensemble_std,mess_mess_mean,mess_mess_min,mess_mess_pct_extrapolation,mess_n_mess_points,algo_sd_mean,algo_sd_median,binary_agreement_mean,binary_agreement_unanimous_pct,glm_tss,glm_auc_roc,gam_tss,gam_auc_roc,rf_tss,rf_auc_roc,gbm_tss,gbm_auc_roc,maxent_tss,maxent_auc_roc,glm_auc_pr,glm_f1,gam_auc_pr,gam_f1,rf_auc_pr,rf_f1,gbm_auc_pr,gbm_f1,maxent_auc_pr,maxent_f1,tss_glm_mean,tss_glm_std,auc_glm_mean,auc_glm_std,tss_gam_mean,tss_gam_std,auc_gam_mean,auc_gam_std,tss_rf_mean,tss_rf_std,auc_rf_mean,auc_rf_std,tss_gbm_mean,tss_gbm_std,auc_gbm_mean,auc_gbm_std,tss_maxent_mean,tss_maxent_std,auc_maxent_mean,auc_maxent_std,mess_mess_max,binary_agreement_max_possible
nolana_divaricata,ok,spatial_cv_oof,45,19276,6,0.3528880574906615,0.2665629107006986,0.8437824741684066,,,0.2665629107006986,0.4067796610169492,,,,0.565588751373389,0.9777777777777777,0.37763065837293563,0.12210095730070902,0.9996674921976512,6.412347599366042e-05,-450.47810435461037,-1700.5179030307904,74.4423166502769,19321,0.010161028051100467,0.00013928482500415483,0.006262615806635267,0.005175715542673774,0.9823096078024487,,0.9775702658458416,,0.9995330981531438,,0.9817389499896243,,0.9775183878628577,,,0.2088167053364269,,0.946236559139785,,0.9090909090909091,,0.20361990950226244,,0.9361702127659575,0.24973161567364466,0.24973161567364466,0.9922713877881466,0.007166717900868036,0.42414228627991235,0.07558932939373231,0.992440946949974,0.00720208489951768,0.26149371481356654,0.23823790086007812,0.9997659882554419,9.981958138038927e-05,0.2616279069767442,0.2383720930232558,0.9788040251950351,0.021061782641787374,0.7427594974331839,0.24302788175953927,0.998894730063319,0.0006392281846285819,4.444444444444451,5.0
