slug,status,metrics_source,n_presencias,n_background,n_predictores,threshold_maxTSS,tss_at_maxTSS,threshold_p10,ens_auc_roc,ens_auc_pr,ens_tss,ens_f1,ens_brier_score,ens_calib_slope,ens_calib_intercept,ens_boyce_index,ens_or10,tss_ensemble_mean,tss_ensemble_std,auc_ensemble_mean,auc_ensemble_std,mess_mess_mean,mess_mess_min,mess_mess_pct_extrapolation,mess_n_mess_points,algo_sd_mean,algo_sd_median,binary_agreement_mean,binary_agreement_unanimous_pct,glm_tss,glm_auc_roc,gam_tss,gam_auc_roc,rf_tss,rf_auc_roc,gbm_tss,gbm_auc_roc,maxent_tss,maxent_auc_roc,glm_auc_pr,glm_f1,gam_auc_pr,gam_f1,rf_auc_pr,rf_f1,gbm_auc_pr,gbm_f1,maxent_auc_pr,maxent_f1,tss_glm_mean,tss_glm_std,auc_glm_mean,auc_glm_std,tss_gam_mean,tss_gam_std,auc_gam_mean,auc_gam_std,tss_rf_mean,tss_rf_std,auc_rf_mean,auc_rf_std,tss_gbm_mean,tss_gbm_std,auc_gbm_mean,auc_gbm_std,tss_maxent_mean,tss_maxent_std,auc_maxent_mean,auc_maxent_std,mess_mess_max,binary_agreement_max_possible
neltuma_chilensis,ok,spatial_cv_oof,184,9529,8,0.04320828019435141,0.6029466114880435,0.0544874131197141,0.8738838420017612,0.37401358986594924,0.693817385829071,0.38626609442060084,0.025236979614779113,0.5315634400045849,-0.09231161192962214,0.9383458646616539,0.22282608695652173,0.08859638958082369,0.16619003576688288,0.7402621018675223,0.15225158860359256,3.4765622370285847,-50.817367472618855,22.711829506846495,9713,0.1753026309103238,0.1301106410876821,1.9319468753217337,5.683105116853701,0.3561878613112375,0.6607113525302623,0.4587996824339431,0.7011382872421487,0.2591790734919033,0.6470077612049259,0.18127329844365248,0.5956707670406586,0.693817385829071,0.8738838420017612,0.028471793588090762,0.0666194188518781,0.03085098784497942,0.08585247883917775,0.03847198758977911,0.05821596244131456,0.029235742265557637,0.04995871180842279,0.37401358986594924,0.38626609442060084,0.07275931769551133,0.08719402681458491,0.5464991411973388,0.11377889273827232,0.25292003560696846,0.3407107749038888,0.6989000676296302,0.1707296362915647,0.1374927382060976,0.2902852333216524,0.6164457590124679,0.21027805819103268,0.10626279192014029,0.18001061915648053,0.5599269839358356,0.22799483259816522,0.08859638958082369,0.16619003576688288,0.7402621018675223,0.15225158860359256,52.17391304347826,5.0
