slug,status,metrics_source,n_presencias,n_background,n_predictores,threshold_maxTSS,tss_at_maxTSS,threshold_p10,ens_auc_roc,ens_auc_pr,ens_tss,ens_f1,ens_brier_score,ens_calib_slope,ens_calib_intercept,ens_boyce_index,ens_or10,tss_ensemble_mean,tss_ensemble_std,auc_ensemble_mean,auc_ensemble_std,mess_mess_mean,mess_mess_min,mess_mess_pct_extrapolation,mess_n_mess_points,algo_sd_mean,algo_sd_median,binary_agreement_mean,binary_agreement_unanimous_pct,glm_tss,glm_auc_roc,gam_tss,gam_auc_roc,rf_tss,rf_auc_roc,gbm_tss,gbm_auc_roc,maxent_tss,maxent_auc_roc,glm_auc_pr,glm_f1,gam_auc_pr,gam_f1,rf_auc_pr,rf_f1,gbm_auc_pr,gbm_f1,maxent_auc_pr,maxent_f1,tss_glm_mean,tss_glm_std,auc_glm_mean,auc_glm_std,tss_gam_mean,tss_gam_std,auc_gam_mean,auc_gam_std,tss_rf_mean,tss_rf_std,auc_rf_mean,auc_rf_std,tss_gbm_mean,tss_gbm_std,auc_gbm_mean,auc_gbm_std,tss_maxent_mean,tss_maxent_std,auc_maxent_mean,auc_maxent_std,mess_mess_max,binary_agreement_max_possible
neltuma_chilensis,ok,spatial_cv_oof,184,9529,8,0.44932543024435156,0.1872789927315699,0.5255314728356965,,,0.1872789927315699,0.2834008097165992,,,,0.806372549019608,0.8641304347826086,0.13367961199650982,0.09668118339692747,0.8669260219711362,0.07136047547211614,3.4765622370285847,-50.817367472618855,22.711829506846495,9713,0.13460665119398724,0.10027171324154997,0.2072480181200453,0.06177288170493154,0.6608465234273408,,0.6932801242887843,,0.7936248385934013,,0.7323125744295447,,0.7072660345763733,,,0.16620498614958448,,0.2353896103896104,,0.265905383360522,,0.2669039145907473,,0.3554987212276215,0.43259401271166825,0.1690220850516511,0.7970952436770459,0.06264811662034653,0.023948136593354114,0.02404953264745077,0.7972841589699061,0.16565332218559178,0.19674433179182704,0.14347682811641885,0.8818701616338934,0.0510969124927982,0.09606975511456699,0.06887844370457927,0.8497198282166324,0.08021714954835327,0.4119541838286403,0.3233965388053913,0.7938533521122949,0.16844240923116965,52.17391304347826,5.0
