slug,status,metrics_source,n_presencias,n_background,n_predictores,threshold_maxTSS,tss_at_maxTSS,threshold_p10,ens_auc_roc,ens_auc_pr,ens_tss,ens_f1,ens_brier_score,ens_calib_slope,ens_calib_intercept,ens_boyce_index,ens_or10,tss_ensemble_mean,tss_ensemble_std,auc_ensemble_mean,auc_ensemble_std,mess_mess_mean,mess_mess_min,mess_mess_pct_extrapolation,mess_n_mess_points,algo_sd_mean,algo_sd_median,binary_agreement_mean,binary_agreement_unanimous_pct,glm_tss,glm_auc_roc,gam_tss,gam_auc_roc,rf_tss,rf_auc_roc,gbm_tss,gbm_auc_roc,maxent_tss,maxent_auc_roc,glm_auc_pr,glm_f1,gam_auc_pr,gam_f1,rf_auc_pr,rf_f1,gbm_auc_pr,gbm_f1,maxent_auc_pr,maxent_f1,tss_glm_mean,tss_glm_std,auc_glm_mean,auc_glm_std,tss_gam_mean,tss_gam_std,auc_gam_mean,auc_gam_std,tss_rf_mean,tss_rf_std,auc_rf_mean,auc_rf_std,tss_gbm_mean,tss_gbm_std,auc_gbm_mean,auc_gbm_std,tss_maxent_mean,tss_maxent_std,auc_maxent_mean,auc_maxent_std,mess_mess_max,binary_agreement_max_possible
pleurophora_pungens,ok,spatial_cv_oof,56,9439,5,0.3624380537318976,0.4378093169675963,0.48292918962349035,0.809352912687482,0.04740440060271518,0.4378093169675963,0.033682294037323625,0.10402866605962091,0.06986633347802758,-0.017107094526438257,0.26328611801914187,0.3392857142857143,0.415202302367449,0.3509678310001349,0.8205970036880499,0.2421260286831052,1.571390529001986,-45.46889757463658,28.08846761453396,9495,0.14469570269313237,0.09640756309670201,1.1033175355450238,6.097946287519748,0.5700834682850786,0.7453801098784677,0.5206457251827525,0.7385656773568628,0.5543243836362812,0.7526277753393973,0.4967971032040319,0.7002557777004224,0.5164079881343362,0.8058520500052972,0.011657833174940267,0.03555219364599092,0.020515307460529184,0.06505576208178439,0.35474937704914017,0.1575178997613365,0.27996728211228433,0.06860706860706861,0.055765672224152456,0.06272401433691756,0.32232867514944996,0.3382724284468653,0.7572847549908923,0.22076844280352234,0.421860032287238,0.35923370480844535,0.8093678195465556,0.221957769332538,0.40531327918318355,0.34142878627745316,0.8564982652086304,0.20483363049203948,0.395709938890908,0.3606216626206187,0.8161451166362399,0.09312098418330748,0.39880448109192196,0.33435318297705646,0.7903175420845743,0.1527388856039509,28.57142857142857,5.0
