slug,status,metrics_source,n_presencias,n_background,n_predictores,threshold_maxTSS,tss_at_maxTSS,threshold_p10,ens_auc_roc,ens_auc_pr,ens_tss,ens_f1,ens_brier_score,ens_calib_slope,ens_calib_intercept,ens_boyce_index,ens_or10,tss_ensemble_mean,tss_ensemble_std,auc_ensemble_mean,auc_ensemble_std,mess_mess_mean,mess_mess_min,mess_mess_pct_extrapolation,mess_n_mess_points,algo_sd_mean,algo_sd_median,binary_agreement_mean,binary_agreement_unanimous_pct,glm_tss,glm_auc_roc,gam_tss,gam_auc_roc,rf_tss,rf_auc_roc,gbm_tss,gbm_auc_roc,maxent_tss,maxent_auc_roc,glm_auc_pr,glm_f1,gam_auc_pr,gam_f1,rf_auc_pr,rf_f1,gbm_auc_pr,gbm_f1,maxent_auc_pr,maxent_f1,tss_glm_mean,tss_glm_std,auc_glm_mean,auc_glm_std,tss_gam_mean,tss_gam_std,auc_gam_mean,auc_gam_std,tss_rf_mean,tss_rf_std,auc_rf_mean,auc_rf_std,tss_gbm_mean,tss_gbm_std,auc_gbm_mean,auc_gbm_std,tss_maxent_mean,tss_maxent_std,auc_maxent_mean,auc_maxent_std,mess_mess_max,binary_agreement_max_possible
nolana_sedifolia,ok,spatial_cv_oof,37,9472,7,0.3281621925904402,0.7163217905405406,0.7350801915841112,0.9509222059897736,0.5939265302082805,0.8468116554054055,0.09018567639257294,0.01892569812348571,1.0062824823768863,-0.25005526062596484,0.6680167887325585,0.3783783783783784,0.41850425461634655,0.40285142332686374,0.7643868670716631,0.3780898437211777,0.9306407873214408,-276.44205167935195,11.084235986959722,9509,0.11328538584584583,0.06413162896489072,0.46282469239667684,0.28394152907771586,0.7508445945945947,0.8697583774653032,0.7755489864864864,0.9069005661066473,0.7062922297297298,0.8750599205624543,0.7341638513513513,0.8868928049671293,0.791279560810811,0.922939303323594,0.0706036476540091,0.0557006092254134,0.45204512707492667,0.09422492401215805,0.5088378660338424,0.10313075506445672,0.48576540830983134,0.10820895522388059,0.485432277549349,0.12180746561886051,0.40697741814072386,0.5129094655749805,0.6348938697828708,0.3939071628815708,0.368911508832064,0.32180870985912097,0.6796135781542215,0.3734194377271089,0.48175523089002914,0.41690608810233043,0.7684001437864877,0.2772437054451795,0.49941221931960167,0.43599526520395016,0.7741020263087235,0.33265367147083125,0.41123563298803667,0.3900467906681781,0.7178524105309757,0.35559081220104166,27.027027027027028,5.0
