slug,status,metrics_source,n_presencias,n_background,n_predictores,threshold_maxTSS,tss_at_maxTSS,threshold_p10,ens_auc_roc,ens_auc_pr,ens_tss,ens_f1,ens_brier_score,ens_calib_slope,ens_calib_intercept,ens_boyce_index,ens_or10,tss_ensemble_mean,tss_ensemble_std,auc_ensemble_mean,auc_ensemble_std,mess_mess_mean,mess_mess_min,mess_mess_pct_extrapolation,mess_n_mess_points,algo_sd_mean,algo_sd_median,binary_agreement_mean,binary_agreement_unanimous_pct,glm_tss,glm_auc_roc,gam_tss,gam_auc_roc,rf_tss,rf_auc_roc,gbm_tss,gbm_auc_roc,maxent_tss,maxent_auc_roc,glm_auc_pr,glm_f1,gam_auc_pr,gam_f1,rf_auc_pr,rf_f1,gbm_auc_pr,gbm_f1,maxent_auc_pr,maxent_f1,tss_glm_mean,tss_glm_std,auc_glm_mean,auc_glm_std,tss_gam_mean,tss_gam_std,auc_gam_mean,auc_gam_std,tss_rf_mean,tss_rf_std,auc_rf_mean,auc_rf_std,tss_gbm_mean,tss_gbm_std,auc_gbm_mean,auc_gbm_std,tss_maxent_mean,tss_maxent_std,auc_maxent_mean,auc_maxent_std,mess_mess_max,binary_agreement_max_possible
encelia_canescens,ok,spatial_cv_oof,209,18814,9,0.7239166848567447,0.7938054375673618,0.8351449737385409,0.9384820069346709,0.08594303990804168,0.812354436251534,0.1712483100495719,0.12326947583712398,0.06712008310097421,-0.014717284630697769,0.357993698551319,0.09090909090909091,0.2811314398405115,0.3396594303365938,0.7382651117072498,0.14004790478463652,-1.8018793569189369,-103.00921049162217,25.048625348262632,19023,0.14368260482616635,0.052381783312357405,0.3312831835146927,0.0,0.812354436251534,0.9384820069346709,0.6534854173035147,0.7811943208330557,0.6249492005088342,0.8555790175594578,0.5430901756454396,0.8082000678513354,0.7895962642092345,0.9198278488532666,0.08594303990804168,0.1712483100495719,0.023289690010623667,0.0712430426716141,0.15984100876092502,0.167816091954023,0.10818538635735389,0.09982300884955753,0.13407668060693165,0.19803063457330417,0.2811314398405115,0.3396594303365938,0.7382651117072498,0.14004790478463652,-0.035537961073484614,0.07107592214696923,0.655525220919171,0.15688470207798025,0.11751899952827358,0.10079730939658303,0.6155114079833213,0.23276726507556625,0.10472222235402624,0.11254574608738055,0.6015938109714518,0.2465083216908826,0.2475673413426859,0.2355187405544233,0.6747252271748946,0.2082233222840002,20.095693779904302,5.0
